Wall time,Step,Value
1700027671.4524567,0,0.0
1700027720.0009832,1,0.0
1700027768.7634027,2,0.0
1700027817.3019993,3,0.0
1700027865.867852,4,0.0
1700027914.543514,5,0.0
1700027963.1861095,6,0.0
1700028011.9022853,7,0.0
1700028060.7133532,8,0.0
1700028109.509456,9,0.0
1700028158.2182672,10,0.0
1700028206.9066591,11,0.0
1700028255.551836,12,0.0
1700028304.301225,13,0.0
1700028353.023476,14,0.0
1700028401.6474886,15,0.0
1700028450.5068762,16,0.0
1700028499.2396178,17,0.0
1700028547.8019865,18,0.0
1700028596.6980999,19,0.0
1700028645.5177526,20,0.0
1700028694.1208713,21,0.0
1700028742.7366607,22,0.0
1700028791.4748588,23,0.0
1700028840.180742,24,0.0
1700028888.771853,25,0.0
1700028937.2437809,26,0.0
1700028985.888009,27,0.0
1700029034.476321,28,0.0
1700029082.916963,29,0.0
1700029131.5126235,30,0.0
1700029180.1016471,31,0.0
1700029228.579038,32,0.0
1700029277.1019084,33,0.0
1700029325.7949862,34,0.0
1700029374.388624,35,0.0
1700029422.8061829,36,0.0
1700029471.6039443,37,0.0
1700029520.2817712,38,0.0
1700029568.8285778,39,0.0
1700029617.3821445,40,0.0
1700029666.292518,41,0.0
1700029714.8682969,42,0.0
1700029763.5499277,43,0.0
1700029812.216634,44,0.0
1700029861.1229234,45,0.0
1700029909.5933409,46,0.0
1700029958.1098697,47,0.0
1700030007.1235538,48,0.0
1700030056.006326,49,0.0
1700030104.488208,50,0.0
1700030153.312305,51,0.0
1700030202.4664469,52,0.0
1700030251.0939307,53,0.0
1700030299.620585,54,0.0
1700030348.2270231,55,0.0
1700030397.105518,56,0.0
1700030445.731105,57,0.0
1700030494.1854823,58,0.0
1700030542.9276528,59,0.0
1700030591.4545834,60,0.0
1700030639.9795563,61,0.0
1700030688.5177758,62,0.0
1700030737.2044337,63,0.0
1700030785.7919207,64,0.0
1700030834.2593722,65,0.0
1700030883.1252193,66,0.0
