Wall time,Step,Value
1699999490.0493395,0,23.049724578857422
1699999682.5474536,1,28.232908248901367
1699999906.894718,2,26.653898239135742
1700000133.1754658,3,28.671382904052734
1700000360.2331152,4,33.31052780151367
1700000586.132528,5,34.65797424316406
1700000812.0923657,6,34.48862838745117
1700001036.7104456,7,34.837589263916016
1700001261.4112196,8,32.247291564941406
1700001484.8470726,9,30.768478393554688
1700001710.6606822,10,28.517728805541992
1700001936.2493365,11,32.26183319091797
1700002160.2803285,12,28.580617904663086
1700002385.91687,13,29.14058494567871
1700002610.7374465,14,34.074100494384766
