Wall time,Step,Value
1699999490.060521,0,27.41096305847168
1699999682.5485623,1,27.559999465942383
1699999906.8970165,2,27.559999465942383
1700000133.1771667,3,27.559999465942383
1700000360.2401047,4,27.559999465942383
1700000586.1330538,5,27.559999465942383
1700000812.0962298,6,27.559999465942383
1700001036.7147145,7,27.559999465942383
1700001261.4134371,8,27.559999465942383
1700001484.8523922,9,27.559999465942383
1700001710.6633048,10,27.559999465942383
1700001936.2508967,11,27.559999465942383
1700002160.2809107,12,27.559999465942383
1700002385.920835,13,27.559999465942383
1700002610.7380476,14,27.559999465942383
