Wall time,Step,Value
1699999490.106148,0,0.0
1699999682.5510423,1,0.0
1699999906.904025,2,0.0
1700000133.1854248,3,0.0
1700000360.2462776,4,0.0
1700000586.1376376,5,0.0
1700000812.1092489,6,0.0
1700001036.7172241,7,0.0
1700001261.4166946,8,0.0
1700001484.8598726,9,0.0
1700001710.6666152,10,0.0
1700001936.261309,11,0.0
1700002160.2869852,12,0.0
1700002385.9243164,13,0.0
1700002610.7415435,14,0.0
