Wall time,Step,Value
1699999490.102941,0,1500.0
1699999682.5504358,1,1500.0
1699999906.9007502,2,1500.0
1700000133.1813517,3,1500.0
1700000360.2420835,4,1500.0
1700000586.134644,5,1500.0
1700000812.1027682,6,1500.0
1700001036.716765,7,1500.0
1700001261.4149494,8,1500.0
1700001484.8589456,9,1500.0
1700001710.6661704,10,1500.0
1700001936.2593322,11,1500.0
1700002160.2865403,12,1500.0
1700002385.9222627,13,1500.0
1700002610.739572,14,1500.0
