Wall time,Step,Value
1699999490.0432496,0,34.62126922607422
1699999682.5467067,1,13.111997604370117
1699999906.8944128,2,13.727416038513184
1700000133.1748447,3,13.234173774719238
1700000360.2327387,4,9.699368476867676
1700000586.1319418,5,9.246259689331055
1700000812.0905828,6,9.222582817077637
1700001036.7084444,7,9.713284492492676
1700001261.4105456,8,10.188863754272461
1700001484.846693,9,11.661018371582031
1700001710.6603312,10,14.293350219726562
1700001936.248175,11,10.761581420898438
1700002160.2797263,12,13.38713550567627
1700002385.9164991,13,12.170186996459961
1700002610.7351108,14,9.540889739990234
