Wall time,Step,Value
1699999490.1197135,0,42.68260192871094
1699999682.5543644,1,26.402050018310547
1699999906.9088523,2,20.60272979736328
1700000133.18657,3,20.585968017578125
1700000360.247342,4,21.25609588623047
1700000586.1416051,5,22.09437370300293
1700000812.1129916,6,22.171934127807617
1700001036.7197204,7,22.483163833618164
1700001261.419333,8,20.869173049926758
1700001484.8619528,9,20.50855827331543
1700001710.6707292,10,20.87445068359375
1700001936.2622843,11,20.61171531677246
1700002160.2876072,12,20.591920852661133
1700002385.9268138,13,20.227476119995117
1700002610.743816,14,21.79867935180664
