Wall time,Step,Value
1712173036.0886457,0,33.64814758300781
1712173121.688997,1,20.95199966430664
1712173206.284814,2,20.51313018798828
1712173290.8614311,3,20.522703170776367
1712173375.5041232,4,20.646305084228516
1712173460.0366833,5,20.95124053955078
1712173544.9844356,6,20.9095516204834
1712173629.5864773,7,20.5633602142334
1712173711.7086525,8,20.098981857299805
1712173796.131707,9,20.094818115234375
1712173880.237568,10,20.09453773498535
1712173964.6962292,11,20.090333938598633
1712174046.8741522,12,20.63938331604004
1712174128.5103452,13,19.808990478515625
1712174212.3185709,14,20.25813865661621
1712174294.4522908,15,20.116981506347656
1712174378.631452,16,19.997583389282227
1712174462.542691,17,20.234806060791016
1712174547.0543523,18,20.4600772857666
1712174629.2085593,19,20.047306060791016
1712174711.439631,20,20.319259643554688
1712174793.3189273,21,20.023481369018555
1712174875.7493098,22,20.124082565307617
1712174959.4758756,23,20.065555572509766
1712175043.2996216,24,20.198528289794922
1712175125.0298843,25,20.553014755249023
1712175208.8283374,26,19.943958282470703
1712175292.9179225,27,20.606035232543945
1712175374.9671664,28,20.47467613220215
1712175456.8487666,29,20.190166473388672
1712175538.3645935,30,20.155675888061523
1712175620.3830822,31,20.194833755493164
1712175702.0953817,32,20.379053115844727
1712175786.1313102,33,20.24797821044922
1712175868.085614,34,20.447755813598633
1712175949.9687648,35,20.629743576049805
1712176031.9993145,36,20.750751495361328
1712176111.5886116,37,20.194026947021484
1712176192.796287,38,20.083908081054688
1712176274.298591,39,20.03775978088379
