Wall time,Step,Value
1700048853.443395,0,35.622005462646484
1700049050.8681831,1,35.616512298583984
1700049247.9735458,2,35.20951843261719
1700049445.4315655,3,36.948402404785156
1700049645.2952461,4,37.79997634887695
1700049842.8977728,5,34.81025695800781
1700050040.7338011,6,37.19841003417969
1700050240.2960508,7,35.96999740600586
1700050437.5565002,8,37.617862701416016
1700050634.8780308,9,36.58625030517578
1700050831.20501,10,35.71769332885742
1700051029.6377938,11,37.03141784667969
1700051227.0787616,12,36.88202667236328
1700051424.7339404,13,37.188629150390625
1700051622.6507273,14,36.1488037109375
1700051821.031772,15,35.882972717285156
1700052019.3378098,16,34.02104568481445
