Wall time,Step,Value
1700048853.4543703,0,12.779999732971191
1700049050.8689017,1,12.779999732971191
1700049247.9741917,2,12.779999732971191
1700049445.4341295,3,12.779999732971191
1700049645.298143,4,12.779999732971191
1700049842.8999119,5,12.779999732971191
1700050040.734397,6,12.779999732971191
1700050240.2968414,7,12.779999732971191
1700050437.5571425,8,12.779999732971191
1700050634.8821135,9,12.779999732971191
1700050831.208847,10,12.779999732971191
1700051029.6383777,11,12.779999732971191
1700051227.0795634,12,12.779999732971191
1700051424.735,13,12.779999732971191
1700051622.6519566,14,12.779999732971191
1700051821.0340827,15,12.779999732971191
1700052019.3383803,16,12.779999732971191
