Wall time,Step,Value
1700048853.429526,0,-82.40125274658203
1700049050.8675287,1,-1.8462238311767578
1700049247.9729846,2,-2.2725956439971924
1700049445.4305096,3,-1.4639554023742676
1700049645.29469,4,-1.4025206565856934
1700049842.8965528,5,-1.3262054920196533
1700050040.7316995,6,-1.3434091806411743
1700050240.2915628,7,-1.0689738988876343
1700050437.5558534,8,-1.1560170650482178
1700050634.8766403,9,-0.9895067811012268
1700050831.2041552,10,-0.9545663595199585
1700051029.6367338,11,-0.9745248556137085
1700051227.0731897,12,-0.7524288892745972
1700051424.730054,13,-0.915471613407135
1700051622.6487715,14,-0.8294625282287598
1700051821.0309355,15,-1.1147396564483643
1700052019.3358135,16,-0.5765464305877686
