Wall time,Step,Value
1700048853.4757643,0,0.0
1700049050.8741221,1,0.0
1700049247.9800098,2,0.0
1700049445.438709,3,0.0
1700049645.3031876,4,0.0
1700049842.9019406,5,0.0
1700050040.741627,6,0.0
1700050240.298481,7,0.0
1700050437.5694723,8,0.0
1700050634.8888636,9,0.0
1700050831.210738,10,0.0
1700051029.6417542,11,0.0
1700051227.0827463,12,0.0
1700051424.740264,13,0.0
1700051622.655775,14,0.0
1700051821.038419,15,0.0
1700052019.3439682,16,0.0
