Wall time,Step,Value
1700048853.4374425,0,14.496708869934082
1700049050.8679004,1,8.558727264404297
1700049247.9732814,2,8.741798400878906
1700049445.4311101,3,8.25554370880127
1700049645.2950406,4,8.28209400177002
1700049842.8969705,5,9.08508014678955
1700050040.7331057,6,9.123357772827148
1700050240.2934666,7,9.059311866760254
1700050437.556251,8,8.271477699279785
1700050634.8774617,9,8.952831268310547
1700050831.2046208,10,8.753399848937988
1700051029.6374736,11,8.794370651245117
1700051227.0782619,12,8.60129451751709
1700051424.7330499,13,8.40418529510498
1700051622.6504395,14,8.9841947555542
1700051821.0313656,15,8.818613052368164
1700052019.3373737,16,9.486959457397461
