Wall time,Step,Value
1699637428.7186868,0,16.31748390197754
1699637491.677136,1,21.749908447265625
1699637562.126664,2,26.384597778320312
1699637634.0561259,3,31.829181671142578
1699637700.1411538,4,26.08670997619629
1699637772.799864,5,28.535539627075195
1699637845.2005253,6,27.41107749938965
1699637919.7084734,7,27.72406578063965
1699637992.0863626,8,26.156055450439453
1699638063.6915607,9,29.593891143798828
1699638139.521979,10,29.090518951416016
1699638214.8213584,11,31.916051864624023
1699638284.8974836,12,29.57822036743164
1699638362.5939763,13,28.866905212402344
1699638432.583644,14,30.140377044677734
1699638504.4307985,15,29.619531631469727
1699638580.1935966,16,32.98783874511719
1699638650.8796923,17,27.94590950012207
1699638725.9283934,18,29.09250831604004
1699638795.8869193,19,28.648944854736328
1699638869.1488862,20,29.538846969604492
1699638944.3768177,21,30.342632293701172
1699639017.960529,22,32.812068939208984
1699639080.5039978,23,25.091753005981445
1699639151.123576,24,28.640485763549805
1699639217.9593873,25,28.130115509033203
1699639287.1841688,26,29.741313934326172
1699639352.3113215,27,27.94076156616211
1699639420.3998842,28,25.27454376220703
1699639494.663318,29,29.122751235961914
1699639565.903805,30,31.028196334838867
1699639639.984814,31,28.193965911865234
1699639710.695007,32,29.662973403930664
1699639782.4211245,33,28.633174896240234
1699639851.6785357,34,25.492074966430664
1699639917.8213482,35,24.24565887451172
1699639985.0270956,36,33.59090042114258
1699640051.5097575,37,31.308183670043945
1699640117.340027,38,29.78336524963379
1699640184.871665,39,30.17072296142578
1699640250.3794434,40,28.97439193725586
1699640317.3717456,41,34.2334098815918
1699640383.7979739,42,28.894222259521484
1699640452.9108593,43,32.3787727355957
1699640522.3894718,44,30.08306884765625
1699640591.7108605,45,30.02395248413086
1699640665.148294,46,32.569480895996094
