Wall time,Step,Value
1699637428.7010477,0,0.0
1699637491.676719,1,650.7814331054688
1699637562.1261325,2,648.35546875
1699637634.0554597,3,606.8739624023438
1699637700.1407034,4,619.7199096679688
1699637772.7993355,5,682.3911743164062
1699637845.1998549,6,649.7235717773438
1699637919.7078578,7,589.7411499023438
1699637992.0857346,8,615.631591796875
1699638063.6909053,9,638.3333740234375
1699638139.5214171,10,656.5552978515625
1699638214.8208058,11,599.141357421875
1699638284.8969324,12,633.3978881835938
1699638362.5934658,13,653.04736328125
1699638432.5832684,14,630.7122802734375
1699638504.4303422,15,695.875244140625
1699638580.193,16,663.0625
1699638650.879049,17,684.2864990234375
1699638725.9277408,18,685.0006713867188
1699638795.8863986,19,648.7312622070312
1699638869.1483612,20,570.681396484375
1699638944.3761086,21,690.4368286132812
1699639017.9600582,22,615.4738159179688
1699639080.503313,23,650.74365234375
1699639151.12298,24,637.7151489257812
1699639217.9587462,25,661.0841064453125
1699639287.1834273,26,604.1455688476562
1699639352.3107188,27,639.7117919921875
1699639420.399225,28,595.473388671875
1699639494.662902,29,681.4287719726562
1699639565.9033868,30,627.3916625976562
1699639639.984442,31,680.660400390625
1699639710.6945996,32,638.6107788085938
1699639782.4205883,33,615.2315673828125
1699639851.67795,34,592.6535034179688
1699639917.820744,35,637.3602294921875
1699639985.0266082,36,682.1181640625
1699640051.5092633,37,656.4638061523438
1699640117.3396313,38,642.3300170898438
1699640184.8712223,39,654.817138671875
1699640250.3788552,40,628.5774536132812
1699640317.3712556,41,650.2958374023438
1699640383.7974646,42,644.6251220703125
1699640452.9104612,43,632.7200927734375
1699640522.3888078,44,634.4877319335938
1699640591.7103145,45,708.6607055664062
1699640665.1478677,46,702.568115234375
