Wall time,Step,Value
1699646364.6076798,0,15.889299392700195
1699646435.7109861,1,27.750627517700195
1699646511.3858933,2,29.654035568237305
1699646590.956997,3,28.817405700683594
1699646665.3930116,4,29.220006942749023
1699646745.0832694,5,31.161415100097656
1699646825.3273659,6,32.4792594909668
1699646909.4648438,7,30.5152530670166
1699646992.2965002,8,29.56124496459961
1699647075.9413662,9,31.514751434326172
1699647154.9512348,10,29.548673629760742
1699647237.4852536,11,30.630521774291992
1699647317.1391616,12,32.10140609741211
1699647403.1763701,13,33.74864959716797
1699647488.621012,14,30.885753631591797
1699647568.99726,15,30.798120498657227
1699647654.4564943,16,32.307369232177734
1699647740.9825413,17,32.93146896362305
1699647824.941848,18,34.7357063293457
1699647905.612454,19,30.460678100585938
1699647985.8790016,20,31.85314178466797
1699648071.16878,21,29.06647300720215
1699648156.607719,22,31.8856258392334
1699648238.092353,23,30.9014949798584
1699648320.3716145,24,33.424400329589844
1699648403.207846,25,33.77301788330078
1699648485.1938272,26,34.40546417236328
1699648565.9494863,27,31.434812545776367
1699648646.2862833,28,30.112781524658203
1699648730.265588,29,33.113582611083984
1699648809.8501205,30,33.66412353515625
1699648887.8632386,31,25.475040435791016
1699648961.3100526,32,31.144630432128906
1699649032.158515,33,29.289363861083984
1699649103.807099,34,28.065980911254883
1699649172.0539026,35,24.744632720947266
1699649246.4037104,36,26.49177360534668
1699649320.8412683,37,29.606182098388672
1699649390.83646,38,28.369497299194336
1699649465.9664576,39,28.964004516601562
1699649537.3552036,40,31.17812728881836
1699649612.7294238,41,28.35037612915039
