Wall time,Step,Value
1699993225.6043239,0,1151.452392578125
1699993426.9969504,1,1276.71875
1699993671.3683906,2,448.8887939453125
1699993914.684837,3,466.2533874511719
1699994158.6515136,4,426.6760559082031
1699994401.509282,5,433.4743347167969
1699994643.6512012,6,401.33050537109375
1699994887.8310378,7,499.4580383300781
1699995130.607588,8,517.5662841796875
1699995369.8854022,9,563.8243408203125
1699995610.868136,10,498.9714050292969
1699995852.2398276,11,568.1403198242188
1699996095.1680694,12,447.26373291015625
1699996337.8879607,13,539.8732299804688
