Wall time,Step,Value
1699993225.5230348,0,-98.45442962646484
1699993426.98005,1,-1.1157677173614502
1699993671.3452072,2,-0.8421962261199951
1699993914.6638231,3,-0.5811770558357239
1699994158.6250613,4,-0.6950850486755371
1699994401.4886904,5,-0.6111698150634766
1699994643.635063,6,-0.49250999093055725
1699994887.815193,7,-0.41798698902130127
1699995130.591986,8,-0.3418431580066681
1699995369.8696208,9,-0.3276176154613495
1699995610.8527596,10,-0.20890340209007263
1699995852.2168863,11,-0.17698000371456146
1699996095.1497676,12,-0.16432368755340576
1699996337.8642416,13,-0.19600459933280945
