Wall time,Step,Value
1699993225.566296,0,417.1839294433594
1699993426.981989,1,633.6258544921875
1699993671.3532066,2,802.7202758789062
1699993914.6723433,3,965.3400268554688
1699994158.6297166,4,1128.7120361328125
1699994401.4979193,5,1294.1690673828125
1699994643.6398273,6,1458.5810546875
1699994887.822081,7,1625.580810546875
1699995130.5957606,8,1787.70751953125
1699995369.878326,9,1954.042724609375
1699995610.8584995,10,2113.4716796875
1699995852.2239454,11,2277.8359375
1699996095.15197,12,2439.46240234375
1699996337.871788,13,2605.635498046875
