Wall time,Step,Value
1699993225.5908778,0,0.0
1699993426.9880407,1,0.0
1699993671.3550646,2,0.0
1699993914.6768599,3,0.0
1699994158.6416981,4,0.0
1699994401.5007179,5,0.0
1699994643.6456158,6,0.0
1699994887.8268638,7,0.0
1699995130.5980282,8,0.0
1699995369.8817236,9,0.0
1699995610.8634865,10,0.0
1699995852.2288723,11,0.0
1699996095.1597195,12,0.0
1699996337.8780694,13,0.0
