Wall time,Step,Value
1699993225.5856538,0,1500.0
1699993426.9850368,1,1500.0
1699993671.35449,2,1500.0
1699993914.6757827,3,1500.0
1699994158.635969,4,1500.0
1699994401.4995902,5,1500.0
1699994643.6416705,6,1500.0
1699994887.823583,7,1500.0
1699995130.5973504,8,1500.0
1699995369.879496,9,1500.0
1699995610.8600674,10,1500.0
1699995852.225242,11,1500.0
1699996095.1589158,12,1500.0
1699996337.8738863,13,1500.0
