Wall time,Step,Value
1699993225.5793762,0,42.33333206176758
1699993426.9828238,1,427.9333190917969
1699993671.3540747,2,676.6666870117188
1699993914.67486,3,957.1333618164062
1699994158.6354327,4,1164.13330078125
1699994401.4989114,5,1447.5333251953125
1699994643.6409802,6,1674.3333740234375
1699994887.822795,7,1982.3333740234375
1699995130.5966249,8,2144.333251953125
1699995369.8791246,9,2499.0
1699995610.8598728,10,2691.666748046875
1699995852.224891,11,2993.199951171875
1699996095.1556716,12,3178.333251953125
1699996337.873229,13,3399.0
