Wall time,Step,Value
1699993225.5510774,0,4990247.0
1699993426.9813163,1,4984948.5
1699993671.3500118,2,4980086.0
1699993914.6709857,3,4975410.0
1699994158.6281002,4,4970718.0
1699994401.490296,5,4965959.5
1699994643.6388826,6,4961230.5
1699994887.8184948,7,4956419.5
1699995130.5951862,8,4951746.0
1699995369.8751824,9,4946961.5
1699995610.85552,10,4942375.5
1699995852.2208261,11,4937654.5
1699996095.1511495,12,4933006.0
1699996337.8653958,13,4928228.5
