Wall time,Step,Value
1712161589.2238371,0,6887.2666015625
1712161687.597194,1,7722.13330078125
1712161788.047282,2,7762.60009765625
1712161888.3001587,3,7802.39990234375
1712161988.32253,4,7842.66650390625
1712162087.6857636,5,7883.0
1712162187.5564983,6,7922.2666015625
1712162287.416926,7,7961.60009765625
1712162387.9121878,8,8002.33349609375
1712162488.938575,9,8043.39990234375
1712162588.8033533,10,8083.13330078125
1712162688.7709875,11,8122.2001953125
1712162787.920538,12,8161.7998046875
1712162888.703991,13,8203.6669921875
1712162988.4615204,14,8243.400390625
1712163088.977576,15,8283.599609375
1712163189.2673357,16,8322.466796875
1712163289.71641,17,8362.400390625
1712163389.6347837,18,8403.7998046875
1712163489.8851922,19,8442.466796875
1712163589.619783,20,8481.93359375
1712163690.111354,21,8522.3330078125
1712163790.241986,22,8561.7333984375
1712163889.6313562,23,8602.400390625
1712163989.8598342,24,8642.533203125
1712164089.9392047,25,8684.06640625
1712164190.1419723,26,8723.7998046875
1712164291.121313,27,8764.2001953125
1712164392.036196,28,8803.6669921875
1712164492.7278488,29,8844.2666015625
1712164593.646896,30,8884.2666015625
1712164693.7392824,31,8922.7998046875
1712164794.0048985,32,8964.1337890625
