Wall time,Step,Value
1699993225.5342355,0,46.04683303833008
1699993426.9805355,1,20.993000030517578
1699993671.3478777,2,9.31957721710205
1699993914.6643145,3,14.722244262695312
1699994158.6260433,4,16.379627227783203
1699994401.4890053,5,17.231510162353516
1699994643.6356661,6,16.564645767211914
1699994887.8155873,7,11.06100082397461
1699995130.592452,8,9.845443725585938
1699995369.8702574,9,9.288956642150879
1699995610.8532453,10,12.642542839050293
1699995852.217496,11,11.680450439453125
1699996095.1504402,12,14.683258056640625
1699996337.8646839,13,9.193594932556152
