Wall time,Step,Value
1699993225.5585103,0,34.588218688964844
1699993426.9816482,1,35.97999954223633
1699993671.352779,2,35.97999954223633
1699993914.6717694,3,35.97999954223633
1699994158.629127,4,35.97999954223633
1699994401.493594,5,35.97999954223633
1699994643.6394074,6,35.97999954223633
1699994887.8216097,7,35.97999954223633
1699995130.5955272,8,35.97999954223633
1699995369.8779151,9,35.97999954223633
1699995610.8562653,10,35.97999954223633
1699995852.2235196,11,35.97999954223633
1699996095.1514068,12,35.97999954223633
1699996337.8686047,13,35.97999954223633
