Wall time,Step,Value
1699993225.569523,0,333.7788391113281
1699993426.9824257,1,518.1698608398438
1699993671.353672,2,663.4210815429688
1699993914.674099,3,803.4439697265625
1699994158.634703,4,943.5658569335938
1699994401.4984856,5,1085.9453125
1699994643.6405342,6,1227.0850830078125
1699994887.8223963,7,1370.9459228515625
1699995130.5962102,8,1509.9549560546875
1699995369.87871,9,1653.506103515625
1699995610.85942,10,1790.197021484375
1699995852.2244704,11,1931.77197265625
1699996095.1551154,12,2070.414306640625
1699996337.8725998,13,2213.2490234375
