Wall time,Step,Value
1699654962.4205751,0,36.63456344604492
1699655034.4735966,1,28.959047317504883
1699655106.11081,2,26.460681915283203
1699655178.5587027,3,32.348331451416016
1699655251.452383,4,30.602619171142578
1699655321.6078787,5,33.536903381347656
1699655397.9422135,6,26.765714645385742
1699655470.354855,7,28.562856674194336
1699655542.941148,8,35.49618911743164
1699655613.138834,9,29.283863067626953
1699655687.7266486,10,29.96928596496582
1699655760.0499349,11,26.329999923706055
1699655835.5956173,12,29.472618103027344
1699655908.4969773,13,23.62738037109375
1699655979.0237656,14,34.61454391479492
1699656048.9007146,15,24.468095779418945
1699656122.908179,16,26.49309539794922
1699656195.0563467,17,26.443635940551758
1699656269.5633028,18,29.648332595825195
1699656338.6873627,19,38.88190460205078
1699656415.3192284,20,29.419523239135742
1699656488.4624817,21,31.955951690673828
1699656564.1241336,22,33.206363677978516
1699656636.8178496,23,26.729047775268555
1699656711.834198,24,29.180713653564453
1699656787.4571526,25,32.65571594238281
1699656862.6309254,26,34.760475158691406
1699656938.1702385,27,28.349544525146484
1699657009.1986747,28,33.53309631347656
1699657080.1209671,29,27.40113639831543
1699657151.5369525,30,32.80738067626953
1699657225.3607213,31,31.799762725830078
1699657297.3048425,32,37.86357116699219
1699657370.3710654,33,21.898096084594727
1699657445.1561086,34,24.211362838745117
1699657513.4071877,35,36.15833282470703
1699657585.5966167,36,31.562618255615234
1699657659.1396785,37,27.496591567993164
1699657734.911315,38,22.192380905151367
1699657809.599893,39,27.50928497314453
1699657884.9558666,40,27.76285743713379
1699657956.2858677,41,24.665475845336914
1699658031.973591,42,24.48952293395996
1699658106.1735795,43,25.770713806152344
1699658180.0511267,44,32.47295379638672
