Wall time,Step,Value
1710097715.510794,0,35.66935348510742
1710097835.1976347,1,36.40906524658203
1710097969.600404,2,36.4119987487793
1710098104.9083838,3,36.4119987487793
1710098240.2839196,4,36.4119987487793
1710098374.6814036,5,36.4119987487793
1710098509.0261595,6,36.4119987487793
1710098645.226138,7,36.4119987487793
1710098782.4438183,8,36.4119987487793
1710098917.0491562,9,36.4119987487793
1710099052.428658,10,36.4119987487793
1710099185.9850073,11,36.4119987487793
1710099322.9319873,12,36.4119987487793
1710099457.550694,13,36.4119987487793
1710099593.0621264,14,36.4119987487793
1710099728.1655214,15,36.4119987487793
1710099861.724667,16,36.4119987487793
1710099996.426968,17,36.4119987487793
1710100130.2388012,18,36.4119987487793
1710100265.1200778,19,36.4119987487793
1710100400.9016345,20,36.4119987487793
1710100536.736213,21,36.4119987487793
1710100672.3069167,22,36.4119987487793
1710100807.3835883,23,36.4119987487793
1710100942.9886143,24,36.4119987487793
