Wall time,Step,Value
1710097715.5493147,0,6269.39990234375
1710097835.2007446,1,7941.60009765625
1710097969.6013944,2,8132.66650390625
1710098104.9088118,3,8186.39990234375
1710098240.284789,4,8240.8662109375
1710098374.6846228,5,8293.1337890625
1710098509.02726,6,8348.599609375
1710098645.2271843,7,8402.6669921875
1710098782.4442196,8,8456.6669921875
1710098917.0550482,9,8511.2001953125
1710099052.4290159,10,8565.466796875
1710099185.9858532,11,8618.3330078125
1710099322.9328613,12,8674.06640625
1710099457.5513246,13,8728.8662109375
1710099593.062773,14,8781.466796875
1710099728.166066,15,8835.466796875
1710099861.7251098,16,8889.2001953125
1710099996.427678,17,8943.2666015625
1710100130.2399795,18,8995.2001953125
1710100265.1206038,19,9049.599609375
1710100400.9025903,20,9104.599609375
1710100536.7387102,21,9158.93359375
1710100672.30779,22,9212.599609375
1710100807.3840556,23,9267.2666015625
1710100942.9929192,24,9319.6669921875
