Wall time,Step,Value
1710097715.4880602,0,21.95290756225586
1710097835.1966531,1,25.704158782958984
1710097969.5986373,2,28.245058059692383
1710098104.9077494,3,29.906217575073242
1710098240.283445,4,28.8053035736084
1710098374.6785476,5,25.09109878540039
1710098509.0256066,6,29.18964195251465
1710098645.225479,7,29.0369930267334
1710098782.4424741,8,28.37015724182129
1710098917.0486908,9,30.588504791259766
1710099052.4283974,10,28.451438903808594
1710099185.9847121,11,30.718399047851562
1710099322.9317894,12,31.235559463500977
1710099457.5501592,13,33.0696907043457
1710099593.0617514,14,31.9312801361084
1710099728.1649868,15,30.29532241821289
1710099861.7243662,16,31.885318756103516
1710099996.4264991,17,31.938810348510742
1710100130.2346518,18,28.55792999267578
1710100265.119579,19,32.00654220581055
1710100400.9007874,20,27.560606002807617
1710100536.735942,21,32.95415496826172
1710100672.306522,22,29.32406997680664
1710100807.3832264,23,31.739667892456055
1710100942.9851692,24,26.23412322998047
