Wall time,Step,Value
1712278953.7770386,0,34.551605224609375
1712279098.1147394,1,23.81146240234375
1712279246.508546,2,20.232070922851562
1712279394.1361086,3,20.447256088256836
1712279541.704383,4,20.43442726135254
1712279689.8212962,5,19.835283279418945
1712279838.799636,6,19.074337005615234
1712279985.6685607,7,18.945438385009766
1712280131.9749327,8,19.174362182617188
1712280278.90385,9,22.07065200805664
1712280428.2771406,10,20.851669311523438
1712280576.8746982,11,18.458251953125
1712280723.7708762,12,20.90937614440918
1712280871.4079094,13,18.2950382232666
1712281019.8024383,14,21.21167755126953
1712281167.9151812,15,19.902278900146484
1712281317.43865,16,20.038246154785156
1712281465.4514716,17,18.154800415039062
1712281615.835431,18,18.76961326599121
1712281763.5823905,19,17.552709579467773
1712281910.5301464,20,18.881704330444336
1712282058.4186692,21,20.54480743408203
