Wall time,Step,Value
1710097715.5846863,0,32.973968505859375
1710097835.2051637,1,27.850139617919922
1710097969.6076365,2,22.69108772277832
1710098104.9135044,3,21.7169132232666
1710098240.2917395,4,20.668197631835938
1710098374.6858332,5,19.99164390563965
1710098509.0298285,6,22.609172821044922
1710098645.2347307,7,21.248287200927734
1710098782.4534507,8,20.57646942138672
1710098917.0579016,9,20.961231231689453
1710099052.430331,10,22.424503326416016
1710099185.9874167,11,22.443603515625
1710099322.9357803,12,23.39950180053711
1710099457.5587862,13,24.139188766479492
1710099593.069671,14,21.92915153503418
1710099728.1723325,15,22.171560287475586
1710099861.728338,16,23.375259399414062
1710099996.429131,17,22.919105529785156
1710100130.248388,18,20.77763557434082
1710100265.1231692,19,21.169044494628906
1710100400.9060426,20,22.903993606567383
1710100536.7398052,21,22.528947830200195
1710100672.3143263,22,21.302021026611328
1710100807.3875823,23,22.94994354248047
1710100942.9941003,24,19.99648094177246
