Wall time,Step,Value
1710097715.4730048,0,39.06325149536133
1710097835.1958175,1,24.58847999572754
1710097969.5980794,2,14.190401077270508
1710098104.907646,3,12.47427749633789
1710098240.2798107,4,15.511859893798828
1710098374.678023,5,17.84632110595703
1710098509.025242,6,16.95901107788086
1710098645.225121,7,14.438058853149414
1710098782.4420457,8,14.380584716796875
1710098917.0484142,9,12.56134033203125
1710099052.4281893,10,17.218578338623047
1710099185.984261,11,13.12298583984375
1710099322.9317086,12,14.530593872070312
1710099457.55001,13,10.533195495605469
1710099593.0616124,14,11.05895709991455
1710099728.1648993,15,12.77649974822998
1710099861.7242768,16,11.34177303314209
1710099996.4264128,17,10.76019287109375
1710100130.232182,18,13.442366600036621
1710100265.119318,19,11.595173835754395
1710100400.8977735,20,14.566011428833008
1710100536.735511,21,10.05561637878418
1710100672.3062513,22,13.279303550720215
1710100807.3830843,23,11.430014610290527
1710100942.984801,24,16.475894927978516
