Wall time,Step,Value
1700023748.02141,0,1500.0
1700023799.1051345,1,1500.0
1700023850.0033329,2,1500.0
1700023901.006029,3,1500.0
1700023951.948665,4,1500.0
1700024002.547433,5,1500.0
1700024053.2144408,6,1500.0
1700024103.9615479,7,1500.0
1700024154.5729132,8,1500.0
1700024205.3844104,9,1500.0
1700024256.345796,10,1500.0
1700024307.2777667,11,1500.0
1700024357.942994,12,1500.0
1700024408.5025322,13,1500.0
1700024458.9347193,14,1500.0
1700024509.633381,15,1500.0
1700024560.6510055,16,1500.0
1700024611.44661,17,1500.0
1700024662.3526037,18,1500.0
1700024712.9911108,19,1500.0
1700024763.8391995,20,1500.0
1700024814.194165,21,1500.0
1700024864.925639,22,1500.0
1700024916.0460443,23,1500.0
1700024967.1412103,24,1500.0
1700025017.9174228,25,1500.0
1700025068.7634847,26,1500.0
1700025119.1721942,27,1500.0
1700025170.0547426,28,1500.0
1700025220.5555174,29,1500.0
1700025271.387082,30,1500.0
1700025322.578575,31,1500.0
1700025373.4745882,32,1500.0
1700025424.0220575,33,1500.0
1700025474.3482924,34,1500.0
1700025524.7028816,35,1500.0
1700025575.0209157,36,1500.0
1700025625.5060441,37,1500.0
1700025676.0917335,38,1500.0
1700025726.8626523,39,1500.0
1700025777.6367972,40,1500.0
1700025828.3080957,41,1500.0
1700025878.994167,42,1500.0
1700025929.6879778,43,1500.0
1700025980.2484775,44,1500.0
1700026030.888837,45,1500.0
1700026081.4285061,46,1500.0
1700026132.4584825,47,1500.0
1700026183.4735007,48,1500.0
1700026234.3269825,49,1500.0
1700026284.920644,50,1500.0
1700026335.368283,51,1500.0
1700026385.7872908,52,1500.0
1700026436.4374824,53,1500.0
1700026487.3639708,54,1500.0
1700026538.098983,55,1500.0
1700026588.875183,56,1500.0
1700026639.5176716,57,1500.0
1700026690.14186,58,1500.0
1700026740.806723,59,1500.0
1700026791.2535806,60,1500.0
1700026841.4941704,61,1500.0
1700026892.1262124,62,1500.0
1700026942.8409548,63,1500.0
1700026993.5700345,64,1500.0
