Wall time,Step,Value
1700023748.0219111,0,0.0
1700023799.1079144,1,0.0
1700023850.0035238,2,0.0
1700023901.006722,3,0.0
1700023951.9488847,4,0.0
1700024002.5476327,5,0.0
1700024053.215478,6,0.0
1700024103.9626117,7,0.0
1700024154.5741596,8,0.0
1700024205.3846505,9,0.0
1700024256.3465624,10,0.0
1700024307.278305,11,0.0
1700024357.94322,12,0.0
1700024408.503586,13,0.0
1700024458.9349172,14,0.0
1700024509.6341002,15,0.0
1700024560.6535869,16,0.0
1700024611.447157,17,0.0
1700024662.352826,18,0.0
1700024712.991469,19,0.0
1700024763.8394332,20,0.0
1700024814.19471,21,0.0
1700024864.9259946,22,0.0
1700024916.0470963,23,0.0
1700024967.1414502,24,0.0
1700025017.9176216,25,0.0
1700025068.7637074,26,0.0
1700025119.172456,27,0.0
1700025170.0555341,28,0.0
1700025220.5557086,29,0.0
1700025271.3873181,30,0.0
1700025322.5814078,31,0.0
1700025373.4747863,32,0.0
1700025424.022241,33,0.0
1700025474.349184,34,0.0
1700025524.7037883,35,0.0
1700025575.021128,36,0.0
1700025625.5070674,37,0.0
1700025676.0925508,38,0.0
1700025726.8630083,39,0.0
1700025777.6380267,40,0.0
1700025828.3086238,41,0.0
1700025878.9964302,42,0.0
1700025929.6881716,43,0.0
1700025980.2508912,44,0.0
1700026030.8905332,45,0.0
1700026081.428696,46,0.0
1700026132.458691,47,0.0
1700026183.4736972,48,0.0
1700026234.3271642,49,0.0
1700026284.9210496,50,0.0
1700026335.368591,51,0.0
1700026385.7875106,52,0.0
1700026436.4383388,53,0.0
1700026487.3651268,54,0.0
1700026538.099485,55,0.0
1700026588.8754535,56,0.0
1700026639.5184603,57,0.0
1700026690.1420672,58,0.0
1700026740.8090074,59,0.0
1700026791.2538712,60,0.0
1700026841.4952466,61,0.0
1700026892.1265075,62,0.0
1700026942.8411503,63,0.0
1700026993.571084,64,0.0
