Wall time,Step,Value
1700023748.0186176,0,0.0
1700023799.1001508,1,0.0
1700023850.0024269,2,0.0
1700023901.00206,3,0.0
1700023951.9476676,4,0.0
1700024002.5465376,5,0.0
1700024053.2095764,6,0.0
1700024103.9553416,7,0.0
1700024154.5707235,8,0.0
1700024205.383312,9,0.0
1700024256.3420434,10,0.0
1700024307.276246,11,0.0
1700024357.942081,12,0.0
1700024408.4971058,13,0.0
1700024458.9300132,14,0.0
1700024509.6314118,15,0.0
1700024560.6475103,16,0.0
1700024611.4440699,17,0.0
1700024662.3500829,18,0.0
1700024712.9902608,19,0.0
1700024763.8345306,20,0.0
1700024814.193235,21,0.0
1700024864.9239414,22,0.0
1700024916.0399497,23,0.0
1700024967.1396894,24,0.0
1700025017.9164495,25,0.0
1700025068.762439,26,0.0
1700025119.1711516,27,0.0
1700025170.050242,28,0.0
1700025220.5546472,29,0.0
1700025271.3859997,30,0.0
1700025322.5720828,31,0.0
1700025373.4736862,32,0.0
1700025424.021195,33,0.0
1700025474.3472004,34,0.0
1700025524.699643,35,0.0
1700025575.0199068,36,0.0
1700025625.5012538,37,0.0
1700025676.0903096,38,0.0
1700025726.8601093,39,0.0
1700025777.6281183,40,0.0
1700025828.3072298,41,0.0
1700025878.987562,42,0.0
1700025929.6870944,43,0.0
1700025980.240548,44,0.0
1700026030.88523,45,0.0
1700026081.4276223,46,0.0
1700026132.457482,47,0.0
1700026183.4700968,48,0.0
1700026234.3260322,49,0.0
1700026284.9197516,50,0.0
1700026335.3672585,51,0.0
1700026385.7862566,52,0.0
1700026436.4365199,53,0.0
1700026487.3579102,54,0.0
1700026538.0966117,55,0.0
1700026588.8737237,56,0.0
1700026639.5164201,57,0.0
1700026690.1406512,58,0.0
1700026740.8010306,59,0.0
1700026791.2522244,60,0.0
1700026841.4890797,61,0.0
1700026892.1251526,62,0.0
1700026942.8399618,63,0.0
1700026993.5656552,64,0.0
