Wall time,Step,Value
1700019903.460669,0,1500.0
1700019956.4833207,1,1500.0
1700020009.2594469,2,1500.0
1700020062.2857726,3,1500.0
1700020115.1924832,4,1500.0
1700020168.2259042,5,1500.0
1700020221.1200962,6,1500.0
1700020274.031697,7,1500.0
1700020326.8718565,8,1500.0
1700020379.5147696,9,1500.0
1700020432.6128323,10,1500.0
1700020485.5877674,11,1500.0
1700020538.4651399,12,1500.0
1700020591.2047007,13,1500.0
1700020643.8392742,14,1500.0
1700020696.7499247,15,1500.0
1700020749.5285316,16,1500.0
1700020802.3159208,17,1500.0
1700020855.3450696,18,1500.0
1700020908.1186929,19,1500.0
1700020960.9006903,20,1500.0
1700021013.7236626,21,1500.0
1700021066.5133095,22,1500.0
1700021119.225555,23,1500.0
1700021172.2385378,24,1500.0
1700021225.288589,25,1500.0
1700021278.1014407,26,1500.0
1700021330.7311728,27,1500.0
1700021383.8022113,28,1500.0
1700021436.6053329,29,1500.0
1700021489.6486297,30,1500.0
1700021542.6325796,31,1500.0
1700021595.529874,32,1500.0
1700021648.3718746,33,1500.0
1700021700.8389094,34,1500.0
1700021753.6570017,35,1500.0
1700021806.5689325,36,1500.0
1700021859.3206081,37,1500.0
1700021912.1078784,38,1500.0
1700021965.0014122,39,1500.0
1700022017.7762341,40,1500.0
1700022070.5966506,41,1500.0
1700022123.4554396,42,1500.0
1700022176.478374,43,1500.0
1700022229.288459,44,1500.0
1700022282.088483,45,1500.0
1700022334.8540006,46,1500.0
1700022387.4962878,47,1500.0
1700022440.352957,48,1500.0
1700022492.9402692,49,1500.0
1700022545.5885682,50,1500.0
1700022598.34594,51,1500.0
1700022651.2496088,52,1500.0
1700022703.9228501,53,1500.0
1700022756.827679,54,1500.0
1700022809.6163743,55,1500.0
1700022862.0247736,56,1500.0
1700022914.7192092,57,1500.0
1700022967.1539536,58,1500.0
1700023019.8940237,59,1500.0
1700023072.3515203,60,1500.0
1700023125.2412937,61,1500.0
