Wall time,Step,Value
1700019903.456275,0,4992136.5
1700019956.4821959,1,4991255.0
1700020009.258328,2,4990381.5
1700020062.2846956,3,4989501.0
1700020115.1913877,4,4988618.0
1700020168.221592,5,4987739.5
1700020221.1139684,6,4986851.0
1700020274.0305803,7,4985975.5
1700020326.8707669,8,4985098.5
1700020379.509225,9,4984232.5
1700020432.6103766,10,4983353.5
1700020485.584814,11,4982475.0
1700020538.461773,12,4981602.0
1700020591.2031486,13,4980724.5
1700020643.8369834,14,4979859.0
1700020696.743218,15,4978979.5
1700020749.5266871,16,4978100.0
1700020802.3148081,17,4977224.5
1700020855.3439593,18,4976351.5
1700020908.1175668,19,4975482.0
1700020960.898728,20,4974606.0
1700021013.7219174,21,4973733.5
1700021066.512144,22,4972854.5
1700021119.2234704,23,4971987.5
1700021172.2342272,24,4971106.5
1700021225.2862766,25,4970231.0
1700021278.0985088,26,4969350.0
1700021330.7300835,27,4968479.5
1700021383.8011599,28,4967602.0
1700021436.6028311,29,4966727.5
1700021489.6474605,30,4965845.0
1700021542.6283433,31,4964976.5
1700021595.5284123,32,4964096.0
1700021648.3705068,33,4963213.0
1700021700.8360927,34,4962349.0
1700021753.6526937,35,4961470.5
1700021806.567183,36,4960587.0
1700021859.3193154,37,4959709.0
1700021912.1065495,38,4958836.5
1700021964.9983332,39,4957963.0
1700022017.7751215,40,4957083.0
1700022070.5918806,41,4956213.0
1700022123.454172,42,4955339.0
1700022176.4772933,43,4954459.5
1700022229.2832835,44,4953584.0
1700022282.0859494,45,4952705.0
1700022334.8516388,46,4951836.0
1700022387.4876726,47,4950963.0
1700022440.3457825,48,4950083.5
1700022492.9391038,49,4949221.0
1700022545.583647,50,4948352.0
1700022598.344816,51,4947472.5
1700022651.2453396,52,4946596.5
1700022703.9158604,53,4945732.0
1700022756.826469,54,4944854.5
1700022809.6130648,55,4943980.5
1700022862.0214238,56,4943110.0
1700022914.717561,57,4942227.0
1700022967.1524594,58,4941369.0
1700023019.884836,59,4940495.5
1700023072.3442135,60,4939623.5
1700023125.2373145,61,4938739.5
