Wall time,Step,Value
1700007526.913645,0,9.246498107910156
1700007626.1938605,1,7.072195053100586
1700007711.3652098,2,7.247888565063477
1700007798.2676454,3,7.05050802230835
1700007885.9929764,4,7.036101341247559
1700007971.4460166,5,7.1244282722473145
1700008057.2242396,6,7.123701095581055
1700008146.4515848,7,7.184652328491211
1700008231.634707,8,7.219610691070557
1700008317.8464153,9,7.485799789428711
1700008406.146485,10,7.390427112579346
1700008491.8047092,11,7.34165096282959
1700008578.1046212,12,7.414500713348389
1700008666.3405514,13,7.294686794281006
1700008752.1658478,14,7.242053985595703
1700008837.7818828,15,7.431074142456055
1700008927.5009742,16,7.32723331451416
1700009013.1152902,17,7.3931565284729
1700009099.4907956,18,7.397524833679199
1700009184.072327,19,7.3232855796813965
1700009269.640243,20,7.402220249176025
1700009353.5890594,21,7.425415515899658
1700009438.4815516,22,7.2854390144348145
1700009523.343239,23,7.421453952789307
1700009608.6167269,24,7.35183572769165
1700009697.705769,25,7.247488021850586
1700009783.8014388,26,7.869608402252197
1700009872.0591965,27,7.374602317810059
1700009953.7237625,28,7.239976406097412
1700010040.7375243,29,7.215289115905762
1700010124.9814637,30,7.547521114349365
1700010210.5632021,31,7.301737308502197
1700010298.0986574,32,7.254681587219238
1700010383.4961195,33,7.4028639793396
1700010468.7973373,34,7.284000873565674
1700010553.8045611,35,7.338840484619141
1700010639.278366,36,7.490626335144043
1700010727.2740016,37,7.51077127456665
