Wall time,Step,Value
1700007526.9302294,0,450.48114013671875
1700007626.1952624,1,513.04150390625
1700007711.3661702,2,565.0198364257812
1700007798.2725742,3,617.6381225585938
1700007885.9945774,4,670.48876953125
1700007971.447416,5,722.4666748046875
1700008057.227165,6,774.583984375
1700008146.4537451,7,828.7489624023438
1700008231.6356006,8,880.46630859375
1700008317.8497913,9,932.9607543945312
1700008406.148187,10,986.9466552734375
1700008491.805412,11,1039.2247314453125
1700008578.109878,12,1091.35888671875
1700008666.341659,13,1144.8140869140625
1700008752.1682794,14,1197.3443603515625
1700008837.7844496,15,1249.2811279296875
1700008927.5022523,16,1303.5439453125
1700009013.1167538,17,1355.593505859375
1700009099.49211,18,1408.4102783203125
1700009184.073798,19,1459.8201904296875
1700009269.644335,20,1511.84033203125
1700009353.5904596,21,1562.88720703125
1700009438.4831018,22,1614.324951171875
1700009523.3442395,23,1666.259033203125
1700009608.6197345,24,1717.6209716796875
1700009697.7073915,25,1771.3797607421875
1700009783.8075812,26,1824.309326171875
1700009872.063527,27,1878.26513671875
1700009953.7250478,28,1927.8209228515625
1700010040.7387364,29,1980.8533935546875
1700010124.982977,30,2031.8990478515625
1700010210.5656776,31,2083.992431640625
1700010298.1020398,32,2137.0068359375
1700010383.497473,33,2188.803466796875
1700010468.798283,34,2240.367919921875
1700010553.8068562,35,2291.889892578125
1700010639.2817428,36,2344.253662109375
1700010727.2752926,37,2397.643310546875
