Wall time,Step,Value
1700007526.9612198,0,31.629533767700195
1700007626.2021022,1,19.704021453857422
1700007711.3684719,2,19.83391571044922
1700007798.275691,3,19.7850341796875
1700007885.9998071,4,19.596723556518555
1700007971.4523716,5,19.74350929260254
1700008057.2337825,6,19.651447296142578
1700008146.4581273,7,19.86430549621582
1700008231.6377149,8,19.648380279541016
1700008317.851664,9,19.842166900634766
1700008406.1504846,10,19.85573959350586
1700008491.80989,11,19.795080184936523
1700008578.1173694,12,19.535009384155273
1700008666.3434591,13,19.725833892822266
1700008752.173213,14,19.86587142944336
1700008837.7868989,15,19.849273681640625
1700008927.5043,16,19.73271369934082
1700009013.121336,17,19.48027801513672
1700009099.497885,18,20.02079963684082
1700009184.0775468,19,19.470197677612305
1700009269.6469457,20,19.784467697143555
1700009353.593865,21,19.706350326538086
1700009438.4860766,22,19.830312728881836
1700009523.3459153,23,19.810394287109375
1700009608.6234164,24,19.816761016845703
1700009697.7120888,25,19.788681030273438
1700009783.8103495,26,20.010013580322266
1700009872.0671437,27,19.73819923400879
1700009953.7270315,28,19.784870147705078
1700010040.744293,29,19.808195114135742
1700010124.985991,30,19.790019989013672
1700010210.569917,31,19.830280303955078
1700010298.1041467,32,19.687171936035156
1700010383.4993918,33,19.70738410949707
1700010468.8001938,34,19.74066925048828
1700010553.81097,35,19.72899055480957
1700010639.2838104,36,19.83251190185547
1700010727.281236,37,19.822824478149414
