Wall time,Step,Value
1700007526.9270763,0,2.028571367263794
1700007626.195075,1,2.028571367263794
1700007711.3659701,2,2.028571367263794
1700007798.271735,3,2.028571367263794
1700007885.9943757,4,2.028571367263794
1700007971.4471126,5,2.028571367263794
1700008057.2265716,6,2.028571367263794
1700008146.452367,7,2.028571367263794
1700008231.6353927,8,2.028571367263794
1700008317.8493624,9,2.028571367263794
1700008406.1477735,10,2.028571367263794
1700008491.805241,11,2.028571367263794
1700008578.1084619,12,2.028571367263794
1700008666.3412654,13,2.028571367263794
1700008752.166723,14,2.028571367263794
1700008837.784161,15,2.028571367263794
1700008927.5019698,16,2.028571367263794
1700009013.1162565,17,2.028571367263794
1700009099.4916458,18,2.028571367263794
1700009184.0735512,19,2.028571367263794
1700009269.6440358,20,2.028571367263794
1700009353.5902653,21,2.028571367263794
1700009438.4823515,22,2.028571367263794
1700009523.3440173,23,2.028571367263794
1700009608.617969,24,2.028571367263794
1700009697.7068665,25,2.028571367263794
1700009783.8068476,26,2.028571367263794
1700009872.0633385,27,2.028571367263794
1700009953.7248018,28,2.028571367263794
1700010040.738473,29,2.028571367263794
1700010124.982533,30,2.028571367263794
1700010210.5654087,31,2.028571367263794
1700010298.1018016,32,2.028571367263794
1700010383.4971485,33,2.028571367263794
1700010468.7980857,34,2.028571367263794
1700010553.8054848,35,2.028571367263794
1700010639.2813256,36,2.028571367263794
1700010727.275031,37,2.028571367263794
