Wall time,Step,Value
1700007526.9483633,0,1500.0
1700007626.1960528,1,1500.0
1700007711.3676016,2,1500.0
1700007798.2735803,3,1500.0
1700007885.9967527,4,1500.0
1700007971.4484231,5,1500.0
1700008057.2284653,6,1500.0
1700008146.456769,7,1500.0
1700008231.6363883,8,1500.0
1700008317.850536,9,1500.0
1700008406.149448,10,1500.0
1700008491.8067918,11,1500.0
1700008578.1118248,12,1500.0
1700008666.3425436,13,1500.0
1700008752.17172,14,1500.0
1700008837.7858763,15,1500.0
1700008927.5033476,16,1500.0
1700009013.1196234,17,1500.0
1700009099.4952712,18,1500.0
1700009184.0751102,19,1500.0
1700009269.6453145,20,1500.0
1700009353.592301,21,1500.0
1700009438.4844086,22,1500.0
1700009523.3450956,23,1500.0
1700009608.6209524,24,1500.0
1700009697.7087233,25,1500.0
1700009783.8090832,26,1500.0
1700009872.0644686,27,1500.0
1700009953.7260346,28,1500.0
1700010040.7396946,29,1500.0
1700010124.9840093,30,1500.0
1700010210.5687523,31,1500.0
1700010298.1031036,32,1500.0
1700010383.498357,33,1500.0
1700010468.7990813,34,1500.0
1700010553.808498,35,1500.0
1700010639.2827084,36,1500.0
1700010727.2784033,37,1500.0
