Wall time,Step,Value
1712182282.897554,0,9688.93359375
1712182341.6062756,1,9712.2001953125
1712182398.0104308,2,9735.06640625
1712182456.87986,3,9758.599609375
1712182513.103971,4,9780.93359375
1712182572.4883888,5,9804.533203125
1712182628.968904,6,9827.2001953125
1712182687.4912374,7,9850.6669921875
1712182743.900476,8,9872.93359375
1712182802.8501244,9,9896.533203125
1712182859.696299,10,9919.466796875
1712182917.835535,11,9942.6669921875
1712182976.0968158,12,9965.7998046875
1712183032.9855351,13,9988.533203125
1712183091.9409823,14,10012.2001953125
1712183148.5696945,15,10035.0
1712183207.7223353,16,10058.6669921875
1712183264.180975,17,10080.93359375
1712183323.5263867,18,10104.533203125
1712183382.492743,19,10128.2001953125
1712183439.0235848,20,10151.06640625
1712183498.1469119,21,10174.6669921875
1712183554.469298,22,10196.93359375
1712183613.351369,23,10220.533203125
1712183669.690512,24,10243.06640625
1712183728.6827853,25,10266.6669921875
1712183785.0566556,26,10289.0
1712183844.1175518,27,10312.7333984375
1712183902.8688352,28,10336.2001953125
1712183959.3848565,29,10359.0
1712184018.2330046,30,10382.2001953125
1712184074.5958807,31,10404.93359375
1712184134.0393286,32,10428.533203125
1712184193.009519,33,10452.2001953125
1712184249.2646868,34,10474.6669921875
1712184306.8324196,35,10497.7998046875
1712184364.448951,36,10520.533203125
1712184423.7035973,37,10544.3330078125
1712184480.1247416,38,10567.06640625
1712184539.0803614,39,10590.7998046875
1712184595.4614727,40,10613.2001953125
1712184654.908357,41,10636.7998046875
1712184713.6398726,42,10660.400390625
1712184769.6851854,43,10682.7998046875
1712184827.571146,44,10706.06640625
1712184884.7584136,45,10728.7998046875
1712184941.2318525,46,10751.400390625
1712184999.6013322,47,10774.7998046875
1712185055.8429332,48,10797.2001953125
1712185114.6527643,49,10820.7998046875
1712185171.1841233,50,10843.2001953125
1712185229.827676,51,10866.7998046875
1712185286.1238704,52,10889.2001953125
1712185345.06159,53,10912.7998046875
1712185401.677335,54,10935.466796875
1712185460.221202,55,10958.7998046875
