Wall time,Step,Value
1712182282.8999856,0,27.86807632446289
1712182341.6073697,1,20.108898162841797
1712182398.011551,2,20.477800369262695
1712182456.8809507,3,20.30729866027832
1712182513.1072361,4,20.057044982910156
1712182572.4893584,5,20.194557189941406
1712182628.9700334,6,20.313589096069336
1712182687.4922843,7,20.20785903930664
1712182743.904881,8,20.230552673339844
1712182802.85111,9,20.23950958251953
1712182859.700182,10,20.22174644470215
1712182917.8394265,11,20.19683265686035
1712182976.101281,12,20.289506912231445
1712183032.9867096,13,20.6369571685791
1712183091.9423623,14,20.322607040405273
1712183148.570888,15,20.14069175720215
1712183207.7252967,16,20.2779541015625
1712183264.1828866,17,20.272686004638672
1712183323.5315475,18,20.234220504760742
1712183382.4944181,19,20.19170570373535
1712183439.0250134,20,20.666629791259766
1712183498.151484,21,20.302148818969727
1712183554.4736674,22,20.317245483398438
1712183613.3524048,23,20.303173065185547
1712183669.6938963,24,20.328163146972656
1712183728.6837406,25,20.410884857177734
1712183785.0611324,26,20.42593002319336
1712183844.118776,27,20.14140510559082
1712183902.870104,28,20.134563446044922
1712183959.3861225,29,20.34076690673828
1712184018.2358484,30,20.389604568481445
1712184074.5973794,31,20.05788230895996
1712184134.0405245,32,20.380653381347656
1712184193.0112262,33,20.67194366455078
1712184249.2657928,34,20.28583335876465
1712184306.8363197,35,20.228614807128906
1712184364.450043,36,20.219417572021484
1712184423.7050025,37,20.22329330444336
1712184480.125937,38,20.291414260864258
1712184539.0817907,39,20.44223403930664
1712184595.4628634,40,20.1347599029541
1712184654.9094398,41,20.253507614135742
1712184713.6411347,42,20.01349639892578
1712184769.6864264,43,20.22254180908203
1712184827.5770376,44,20.146394729614258
1712184884.7595248,45,20.08205795288086
1712184941.2342224,46,20.153785705566406
1712184999.6026368,47,20.265174865722656
1712185055.844358,48,20.284931182861328
1712185114.6542866,49,20.280826568603516
1712185171.1856143,50,20.14682960510254
1712185229.828576,51,20.079532623291016
1712185286.1313286,52,20.251373291015625
1712185345.0648112,53,20.463274002075195
1712185401.6785383,54,20.200021743774414
1712185460.222266,55,20.18686294555664
