Wall time,Step,Value
1700007526.9716775,0,1671.97021484375
1700007626.203378,1,352.5068664550781
1700007711.3689313,2,358.49151611328125
1700007798.2774737,3,352.4717102050781
1700007886.0004776,4,336.05767822265625
1700007971.453492,5,350.8223571777344
1700008057.2355087,6,347.0830383300781
1700008146.4590316,7,357.86444091796875
1700008231.6382644,8,346.58428955078125
1700008317.8563461,9,356.77490234375
1700008406.1509223,10,362.50848388671875
1700008491.8109257,11,358.32122802734375
1700008578.1218042,12,345.765869140625
1700008666.344159,13,345.4040222167969
1700008752.1748555,14,361.6039123535156
1700008837.7873738,15,354.962158203125
1700008927.5047402,16,348.7945251464844
1700009013.122475,17,335.5766906738281
1700009099.4985092,18,366.3296813964844
1700009184.0892634,19,339.1526794433594
1700009269.647838,20,351.4723205566406
1700009353.5946095,21,349.2098693847656
1700009438.4888942,22,350.38525390625
1700009523.3465233,23,354.8634948730469
1700009608.6259546,24,353.83349609375
1700009697.7154634,25,351.4094543457031
1700009783.8146904,26,369.1394958496094
1700009872.0720766,27,358.1451416015625
1700009953.727615,28,353.60858154296875
1700010040.7453144,29,346.21710205078125
1700010124.989547,30,351.3924560546875
1700010210.5719502,31,353.0631408691406
1700010298.1046298,32,348.0958557128906
1700010383.4998424,33,347.5751647949219
1700010468.800601,34,351.9833984375
1700010553.8116317,35,352.3197326660156
1700010639.2842915,36,354.9523010253906
1700010727.281867,37,354.3887939453125
