Wall time,Step,Value
1700015997.7281966,0,430.29107666015625
1700016054.1711905,1,162.00802612304688
1700016110.4022787,2,158.35105895996094
1700016167.7451646,3,168.5247039794922
1700016224.1126478,4,167.4173583984375
1700016280.1454334,5,169.02879333496094
1700016337.1615646,6,172.8718719482422
1700016393.8880515,7,165.6255645751953
1700016449.7661326,8,165.3213348388672
1700016506.401736,9,154.59817504882812
1700016563.4196265,10,166.95947265625
1700016619.7560112,11,167.2802276611328
1700016676.3440394,12,153.4435577392578
1700016733.3670506,13,161.7104034423828
1700016789.8446977,14,168.82461547851562
1700016845.7867012,15,174.55580139160156
1700016902.7324398,16,164.00927734375
1700016959.5342379,17,157.13711547851562
1700017015.538686,18,155.87033081054688
1700017071.9298568,19,171.3542022705078
1700017128.9889512,20,166.29263305664062
1700017184.941073,21,169.98428344726562
1700017240.989593,22,167.61996459960938
1700017298.0104256,23,162.383544921875
1700017354.907199,24,165.70574951171875
1700017410.836183,25,159.20916748046875
1700017467.2610004,26,155.01470947265625
1700017524.3130662,27,153.93032836914062
1700017580.528269,28,161.78663635253906
1700017636.3763185,29,160.77261352539062
1700017693.4264286,30,161.11949157714844
1700017750.3350055,31,158.6936798095703
1700017806.4128551,32,158.7633056640625
1700017862.657148,33,174.18458557128906
1700017919.6590238,34,163.52944946289062
1700017975.7980583,35,164.8967742919922
1700018031.73999,36,168.7529296875
1700018088.7921903,37,169.867431640625
1700018145.70784,38,159.28518676757812
1700018201.6308124,39,158.16342163085938
1700018258.9913173,40,172.2732696533203
1700018315.9133384,41,167.3016815185547
1700018371.877788,42,170.76007080078125
1700018428.255854,43,158.5226593017578
1700018485.2998927,44,153.31710815429688
1700018541.5321307,45,168.31275939941406
1700018597.3352232,46,162.20297241210938
1700018653.6748216,47,165.35498046875
1700018710.6752923,48,165.6280059814453
1700018766.5926318,49,173.075439453125
1700018822.433991,50,151.5956268310547
1700018878.760322,51,176.1553955078125
1700018935.7524774,52,169.60845947265625
1700018992.0072103,53,169.64622497558594
1700019047.799482,54,162.169921875
1700019104.1242266,55,168.55227661132812
1700019161.0836287,56,162.447265625
1700019216.8521824,57,166.15518188476562
