Wall time,Step,Value
1700015997.7027545,0,7000.7998046875
1700016054.1678307,1,7023.2001953125
1700016110.395795,2,7045.533203125
1700016167.7432,3,7068.7998046875
1700016224.1105635,4,7091.2001953125
1700016280.1429067,5,7113.533203125
1700016337.158812,6,7136.466796875
1700016393.8851357,7,7159.13330078125
1700016449.7626715,8,7181.2001953125
1700016506.3994842,9,7204.06689453125
1700016563.4180717,10,7226.7998046875
1700016619.7531228,11,7249.2001953125
1700016676.3411717,12,7272.06689453125
1700016733.362825,13,7294.7998046875
1700016789.8430111,14,7317.2001953125
1700016845.7844942,15,7339.66650390625
1700016902.7291553,16,7362.33349609375
1700016959.5320766,17,7385.2001953125
1700017015.5342634,18,7407.66650390625
1700017071.9247243,19,7429.93310546875
1700017128.9870627,20,7452.7998046875
1700017184.9383316,21,7475.2001953125
1700017240.9872043,22,7497.533203125
1700017298.0025594,23,7520.466796875
1700017354.9055073,24,7543.2001953125
1700017410.8341386,25,7565.2666015625
1700017467.2594225,26,7588.06689453125
1700017524.3061047,27,7610.7998046875
1700017580.526128,28,7633.2001953125
1700017636.3740466,29,7655.66650390625
1700017693.424368,30,7678.33349609375
1700017750.3326805,31,7701.2001953125
1700017806.4106202,32,7723.66650390625
1700017862.654843,33,7746.2001953125
1700017919.6576362,34,7768.93310546875
1700017975.7961202,35,7791.39990234375
1700018031.7378352,36,7813.7998046875
1700018088.7900293,37,7836.60009765625
1700018145.7063298,38,7859.39990234375
1700018201.6266513,39,7881.60009765625
1700018258.985625,40,7904.60009765625
1700018315.9114082,41,7927.39990234375
1700018371.8741646,42,7949.7998046875
1700018428.2531552,43,7972.2001953125
1700018485.2971914,44,7995.06689453125
1700018541.528016,45,8017.39990234375
1700018597.3332543,46,8039.7998046875
1700018653.6688538,47,8062.2001953125
1700018710.67305,48,8084.93310546875
1700018766.5904355,49,8107.39990234375
1700018822.428752,50,8129.7998046875
1700018878.757924,51,8152.2001953125
1700018935.7488043,52,8175.06689453125
1700018992.0047066,53,8197.400390625
1700019047.794191,54,8219.7998046875
1700019104.1220672,55,8242.2001953125
1700019161.0815244,56,8264.93359375
1700019216.8486395,57,8287.400390625
