Wall time,Step,Value
1700015997.6916022,0,0.0
1700016054.1666458,1,0.0
1700016110.3942935,2,0.0
1700016167.7426267,3,0.0
1700016224.109919,4,0.0
1700016280.1422539,5,0.0
1700016337.1581774,6,0.0
1700016393.884111,7,0.0
1700016449.7620378,8,0.0
1700016506.3989062,9,0.0
1700016563.4172401,10,0.0
1700016619.7514176,11,0.0
1700016676.3394535,12,0.0
1700016733.362158,13,0.0
1700016789.8420203,14,0.0
1700016845.7837121,15,0.0
1700016902.7285888,16,0.0
1700016959.5315254,17,0.0
1700017015.5336013,18,0.0
1700017071.9240677,19,0.0
1700017128.9864976,20,0.0
1700017184.9374027,21,0.0
1700017240.986578,22,0.0
1700017297.9957197,23,0.0
1700017354.9049656,24,0.0
1700017410.8317978,25,0.0
1700017467.2588253,26,0.0
1700017524.3047686,27,0.0
1700017580.5251997,28,0.0
1700017636.3731792,29,0.0
1700017693.42372,30,0.0
1700017750.332109,31,0.0
1700017806.4099321,32,0.0
1700017862.65425,33,0.0
1700017919.6569924,34,0.0
1700017975.7955525,35,0.0
1700018031.7372372,36,0.0
1700018088.7862175,37,0.0
1700018145.705692,38,0.0
1700018201.626102,39,0.0
1700018258.9850643,40,0.0
1700018315.9108138,41,0.0
1700018371.8735704,42,0.0
1700018428.2521262,43,0.0
1700018485.2964873,44,0.0
1700018541.5274463,45,0.0
1700018597.3305345,46,0.0
1700018653.668216,47,0.0
1700018710.672232,48,0.0
1700018766.589411,49,0.0
1700018822.427414,50,0.0
1700018878.757165,51,0.0
1700018935.7479882,52,0.0
1700018992.0041254,53,0.0
1700019047.7934203,54,0.0
1700019104.1214797,55,0.0
1700019161.0809357,56,0.0
1700019216.8480263,57,0.0
