Wall time,Step,Value
1700015997.7238739,0,21.263105392456055
1700016054.1704054,1,17.080846786499023
1700016110.400463,2,16.996015548706055
1700016167.7447345,3,17.465728759765625
1700016224.11217,4,17.200862884521484
1700016280.1447046,5,17.24759292602539
1700016337.1604745,6,17.269521713256836
1700016393.8874204,7,17.427797317504883
1700016449.7653055,8,17.321712493896484
1700016506.4006846,9,16.99468231201172
1700016563.419155,10,17.161285400390625
1700016619.754578,11,17.47405242919922
1700016676.3432744,12,16.902353286743164
1700016733.3666494,13,17.0406436920166
1700016789.844302,14,17.60305404663086
1700016845.7862139,15,17.66708755493164
1700016902.7309368,16,17.560291290283203
1700016959.5337353,17,16.986934661865234
1700017015.537814,18,16.87749481201172
1700017071.9293044,19,17.562795639038086
1700017128.9885125,20,17.541074752807617
1700017184.9396362,21,17.537324905395508
1700017240.9891021,22,17.535709381103516
1700017298.0051196,23,17.437122344970703
1700017354.9068077,24,17.394908905029297
1700017410.8356814,25,17.34273910522461
1700017467.2604785,26,17.062259674072266
1700017524.31135,27,16.952219009399414
1700017580.5277748,28,17.14569854736328
1700017636.3756382,29,17.0546817779541
1700017693.4260235,30,17.0546817779541
1700017750.3341596,31,16.941946029663086
1700017806.412172,32,16.930635452270508
1700017862.656747,33,17.700023651123047
1700017919.6586313,34,17.491151809692383
1700017975.797176,35,17.543466567993164
1700018031.7394764,36,17.5319766998291
1700018088.7914083,37,17.555103302001953
1700018145.707453,38,17.39914321899414
1700018201.6303587,39,16.91646957397461
1700018258.9907665,40,17.544113159179688
1700018315.9129572,41,17.494691848754883
1700018371.8757102,42,17.583045959472656
1700018428.2552156,43,17.108110427856445
1700018485.2986526,44,16.897144317626953
1700018541.5311794,45,17.2540225982666
1700018597.3345976,46,17.074697494506836
1700018653.670387,47,17.518598556518555
1700018710.6748006,48,17.475299835205078
1700018766.5920563,49,17.529993057250977
1700018822.4333675,50,16.862228393554688
1700018878.7596862,51,17.715248107910156
1700018935.751751,52,17.584064483642578
1700018992.0067325,53,17.61992645263672
1700019047.7989416,54,17.454029083251953
1700019104.123698,55,17.2589168548584
1700019161.0830703,56,17.32945442199707
1700019216.8513925,57,17.543546676635742
