Wall time,Step,Value
1700015997.6773384,0,5.771399021148682
1700016054.165013,1,5.636530876159668
1700016110.392834,2,5.52188777923584
1700016167.741731,3,5.606625556945801
1700016224.1091924,4,5.707453727722168
1700016280.140911,5,5.671736240386963
1700016337.1562004,6,5.660685062408447
1700016393.8815296,7,5.808381080627441
1700016449.758515,8,5.496231555938721
1700016506.3983116,9,5.696919918060303
1700016563.4166255,10,5.621920108795166
1700016619.7508264,11,5.769758701324463
1700016676.3386877,12,5.625416278839111
1700016733.3615718,13,5.797107696533203
1700016789.841313,14,5.777602672576904
1700016845.783138,15,5.8092570304870605
1700016902.7278197,16,5.899108409881592
1700016959.5308218,17,5.8489484786987305
1700017015.5326486,18,5.887443542480469
1700017071.9234262,19,5.63431453704834
1700017128.9859324,20,5.780094146728516
1700017184.9344842,21,5.7972540855407715
1700017240.9860404,22,5.998360633850098
1700017297.9950435,23,5.892617225646973
1700017354.904232,24,5.780142307281494
1700017410.831042,25,5.686424732208252
1700017467.2581034,26,5.805088520050049
1700017524.304164,27,5.8249311447143555
1700017580.524033,28,5.988503932952881
1700017636.3724265,29,5.685096263885498
1700017693.42302,30,5.850483417510986
1700017750.3312056,31,5.876321792602539
1700017806.4091167,32,5.961242198944092
1700017862.6536503,33,5.8734354972839355
1700017919.65636,34,5.721701145172119
1700017975.794988,35,5.914759159088135
1700018031.7362044,36,5.692249774932861
1700018088.785544,37,5.713428497314453
1700018145.7047675,38,5.781484603881836
1700018201.6255124,39,5.825211524963379
1700018258.984511,40,5.857746601104736
1700018315.9101381,41,5.880236625671387
1700018371.872614,42,5.927054405212402
1700018428.25126,43,5.885382175445557
1700018485.2956395,44,5.673764705657959
1700018541.5268853,45,5.830678939819336
1700018597.3289015,46,5.75083589553833
1700018653.6673527,47,5.859273433685303
1700018710.6713974,48,5.8950371742248535
1700018766.5881925,49,5.989800453186035
1700018822.4243252,50,5.861525058746338
1700018878.7557054,51,5.949888706207275
1700018935.746983,52,5.902059078216553
1700018992.002644,53,5.84617280960083
1700019047.7919142,54,5.876687049865723
1700019104.1205435,55,5.857614994049072
1700019161.080308,56,5.85917329788208
1700019216.8460493,57,6.135044097900391
