Wall time,Step,Value
1712221092.5189822,0,6940.66650390625
1712221143.4054654,1,6961.06689453125
1712221195.0173416,2,6981.466796875
1712221246.1439714,3,7002.06689453125
1712221296.6892273,4,7022.2001953125
1712221347.3980837,5,7042.533203125
1712221398.3819034,6,7062.93310546875
1712221449.6927063,7,7083.33349609375
1712221500.962602,8,7103.7998046875
1712221551.502322,9,7124.2001953125
1712221602.109618,10,7144.2001953125
1712221652.6485498,11,7164.66650390625
1712221703.8232043,12,7185.06689453125
1712221755.289998,13,7205.466796875
1712221806.3878918,14,7225.7998046875
1712221856.9757743,15,7246.2001953125
1712221907.4696064,16,7266.2001953125
1712221957.9633405,17,7286.533203125
1712222008.881135,18,7306.66650390625
1712222060.4234855,19,7327.33349609375
1712222111.4739206,20,7347.7998046875
1712222162.2934873,21,7368.2001953125
1712222212.8039463,22,7388.2001953125
1712222263.361066,23,7408.66650390625
1712222315.2487478,24,7429.466796875
1712222366.6014104,25,7449.7998046875
1712222417.3132238,26,7470.0
1712222467.775159,27,7490.2001953125
1712222518.4213946,28,7510.466796875
1712222569.0547051,29,7530.533203125
1712222619.9742644,30,7550.93310546875
1712222671.528579,31,7571.466796875
1712222722.5618734,32,7591.7998046875
1712222773.1706753,33,7612.2001953125
1712222823.7543807,34,7632.60009765625
1712222874.3987772,35,7652.66650390625
1712222925.8585017,36,7673.466796875
1712222977.1647794,37,7693.7998046875
1712223027.9312713,38,7714.2001953125
1712223078.5071123,39,7734.2001953125
1712223129.0506206,40,7754.533203125
1712223180.0814326,41,7774.86669921875
1712223231.641401,42,7795.33349609375
1712223282.6201024,43,7815.7998046875
1712223333.2532163,44,7836.13330078125
1712223383.7894816,45,7856.39990234375
1712223434.342381,46,7876.7333984375
1712223485.023158,47,7896.7998046875
1712223536.4490821,48,7917.533203125
1712223587.79841,49,7937.93310546875
1712223638.471176,50,7958.06689453125
1712223689.0013995,51,7978.39990234375
1712223739.6404629,52,7998.66650390625
1712223790.704854,53,8019.06689453125
1712223842.2388432,54,8039.60009765625
1712223893.1508813,55,8060.06689453125
1712223943.9128888,56,8080.39990234375
1712223994.495727,57,8100.39990234375
1712224045.0404086,58,8120.7998046875
1712224096.2436447,59,8141.2001953125
1712224147.6684124,60,8161.60009765625
1712224198.703116,61,8181.93310546875
1712224249.2559757,62,8202.400390625
1712224299.8186696,63,8222.400390625
