Wall time,Step,Value
1710104541.9297526,0,2519.682373046875
1710104664.2087905,1,989.744873046875
1710104795.321171,2,542.6329956054688
1710104926.3720407,3,556.1691284179688
1710105057.3853152,4,491.8489990234375
1710105188.8428805,5,546.46630859375
1710105320.0206861,6,535.2284545898438
1710105451.571741,7,507.56207275390625
1710105583.8574264,8,464.5024719238281
1710105716.125182,9,435.99639892578125
1710105847.4657516,10,476.6328125
1710105977.9527116,11,507.087158203125
1710106109.7989614,12,503.5887756347656
1710106241.7414658,13,562.8695678710938
1710106373.5372977,14,554.8036499023438
1710106503.9358885,15,580.2848510742188
1710106634.8260074,16,568.5750122070312
1710106766.5603728,17,540.013916015625
1710106898.6305475,18,487.52294921875
1710107030.128753,19,479.12603759765625
1710107161.4037185,20,497.24200439453125
1710107292.466677,21,564.1528930664062
1710107423.278522,22,555.1771240234375
1710107555.6240628,23,531.4354248046875
1710107687.0180132,24,544.7892456054688
