Wall time,Step,Value
1712308098.522091,0,28.179534912109375
1712308234.448539,1,30.380117416381836
1712308370.2554698,2,32.350196838378906
1712308505.19597,3,30.004741668701172
1712308641.1830564,4,31.956289291381836
1712308778.3995347,5,33.342430114746094
1712308914.9700174,6,31.683195114135742
1712309051.9058363,7,31.87662696838379
1712309187.4034274,8,34.39218521118164
1712309323.1618567,9,30.413034439086914
1712309459.95211,10,30.256298065185547
1712309596.4182467,11,33.581790924072266
1712309733.5925257,12,32.391387939453125
1712309868.7278786,13,31.129867553710938
1712310005.6825342,14,29.729637145996094
1712310141.3851027,15,30.672571182250977
1712310278.3735676,16,30.32279396057129
1712310413.5374937,17,31.72264289855957
1712310549.9577787,18,32.77037048339844
1712310684.7089503,19,29.783079147338867
1712310821.6917872,20,30.525623321533203
1712310958.7012143,21,31.978185653686523
1712311095.0263112,22,34.70746994018555
1712311230.498012,23,30.112014770507812
