Wall time,Step,Value
1710104541.8872662,0,482.0331726074219
1710104664.2018895,1,616.9170532226562
1710104795.310651,2,714.925048828125
1710104926.3601444,3,812.0379028320312
1710105057.379481,4,907.1943969726562
1710105188.835724,5,1004.8678588867188
1710105320.0181727,6,1101.725341796875
1710105451.565247,7,1198.0732421875
1710105583.8521645,8,1294.75732421875
1710105716.1229668,9,1391.274658203125
1710105847.4589963,10,1489.3502197265625
1710105977.942343,11,1585.958251953125
1710106109.780631,12,1683.0369873046875
1710106241.73339,13,1781.47412109375
1710106373.528503,14,1879.042724609375
1710106503.93151,15,1975.5146484375
1710106634.821911,16,2072.351806640625
1710106766.55441,17,2168.544921875
1710106898.6207457,18,2264.704345703125
1710107030.121591,19,2361.70703125
1710107161.3953054,20,2457.980224609375
1710107292.4639523,21,2556.202880859375
1710107423.2702813,22,2653.011474609375
1710107555.6189039,23,2749.68603515625
1710107687.012336,24,2846.44091796875
