Wall time,Step,Value
1712308098.5136063,0,7636.328125
1712308234.448194,1,9426.8525390625
1712308370.2534537,2,9504.2861328125
1712308505.1955645,3,9525.3466796875
1712308641.1826663,4,9531.9384765625
1712308778.399112,5,9583.9033203125
1712308914.9672413,6,9596.5908203125
1712309051.9052272,7,9567.8193359375
1712309187.4009275,8,9582.375
1712309323.1608799,9,9586.767578125
1712309459.9517772,10,9559.310546875
1712309596.417799,11,9541.28125
1712309733.5921657,12,9578.970703125
1712309868.7274594,13,9502.7412109375
1712310005.682042,14,9439.5791015625
1712310141.384207,15,9541.919921875
1712310278.3728654,16,9508.9716796875
1712310413.5370662,17,9568.794921875
1712310549.9553676,18,9542.7578125
1712310684.708377,19,9584.4892578125
1712310821.6873713,20,9567.75
1712310958.698183,21,9598.30859375
1712311095.0234566,22,9586.71484375
1712311230.4953096,23,9543.818359375
