Wall time,Step,Value
1712308098.561038,0,39.72968673706055
1712308234.4515169,1,22.048513412475586
1712308370.2645097,2,21.62153434753418
1712308505.2027836,3,19.999847412109375
1712308641.1891367,4,20.55954360961914
1712308778.4018884,5,20.34178924560547
1712308914.9725063,6,18.986835479736328
1712309051.914364,7,19.700326919555664
1712309187.4094367,8,20.526870727539062
1712309323.1694105,9,18.713211059570312
1712309459.959553,10,19.243492126464844
1712309596.4259918,11,21.176511764526367
1712309733.5956295,12,19.85447120666504
1712309868.734795,13,20.52881622314453
1712310005.6914167,14,21.236276626586914
1712310141.389527,15,19.995555877685547
1712310278.3831499,16,20.252307891845703
1712310413.542065,17,19.69585609436035
1712310549.9609382,18,20.808008193969727
1712310684.7189448,19,18.662607192993164
1712310821.7005384,20,19.161890029907227
1712310958.7055426,21,19.234106063842773
1712311095.0307806,22,20.795866012573242
1712311230.5064945,23,19.62299156188965
