Wall time,Step,Value
1710104541.881355,0,27.269630432128906
1710104664.2016604,1,27.511110305786133
1710104795.3101509,2,27.511110305786133
1710104926.3599617,3,27.511110305786133
1710105057.3792462,4,27.511110305786133
1710105188.8353894,5,27.511110305786133
1710105320.0179768,6,27.511110305786133
1710105451.5649498,7,27.511110305786133
1710105583.8474932,8,27.511110305786133
1710105716.1228673,9,27.511110305786133
1710105847.4587226,10,27.511110305786133
1710105977.9418995,11,27.511110305786133
1710106109.780322,12,27.511110305786133
1710106241.7329168,13,27.511110305786133
1710106373.5274456,14,27.511110305786133
1710106503.9313226,15,27.511110305786133
1710106634.821695,16,27.511110305786133
1710106766.5541053,17,27.511110305786133
1710106898.620592,18,27.511110305786133
1710107030.1197162,19,27.511110305786133
1710107161.3945274,20,27.511110305786133
1710107292.4638393,21,27.511110305786133
1710107423.2695863,22,27.511110305786133
1710107555.6187599,23,27.511110305786133
1710107687.0114923,24,27.511110305786133
