Wall time,Step,Value
1710104541.8695362,0,27.393402099609375
1710104664.200958,1,17.795068740844727
1710104795.3093472,2,10.471099853515625
1710104926.3578398,3,9.682382583618164
1710105057.372478,4,11.056900978088379
1710105188.8291388,5,9.86731243133545
1710105320.0133119,6,10.744523048400879
1710105451.563873,7,13.232806205749512
1710105583.8471587,8,12.4456205368042
1710105716.1222417,9,12.537181854248047
1710105847.4581969,10,12.538396835327148
1710105977.9412076,11,12.609390258789062
1710106109.777709,12,12.48971176147461
1710106241.729228,13,12.684330940246582
1710106373.5241904,14,11.559076309204102
1710106503.9305272,15,13.526945114135742
1710106634.819638,16,10.107339859008789
1710106766.5535638,17,10.633546829223633
1710106898.618577,18,15.753629684448242
1710107030.119164,19,12.850329399108887
1710107161.3899958,20,11.553054809570312
1710107292.4633791,21,10.674508094787598
1710107423.2680638,22,11.878891944885254
1710107555.6181765,23,11.195700645446777
1710107687.0083494,24,10.687541961669922
