Wall time,Step,Value
1700032293.4711864,0,25.0
1700032340.8375397,1,50.0
1700032388.2402709,2,75.0
1700032435.6687317,3,100.0
1700032482.9863179,4,125.0
1700032530.3948948,5,150.0
1700032577.755332,6,175.0
1700032625.114859,7,200.0
1700032672.5374584,8,225.0
1700032719.871234,9,250.0
1700032767.2293556,10,275.0
1700032814.6320424,11,300.0
1700032862.0060852,12,325.0
1700032909.268665,13,350.0
1700032956.6894274,14,375.0
1700033004.0521748,15,400.0
1700033051.4016485,16,425.0
1700033098.674126,17,450.0
1700033146.0595224,18,475.0
1700033193.530777,19,500.0
1700033240.9376104,20,525.0
1700033288.3099945,21,550.0
1700033335.7326634,22,575.0
1700033383.105255,23,600.0
1700033430.4340045,24,625.0
1700033477.8287919,25,650.0
1700033525.1222417,26,675.0
1700033572.5265632,27,700.0
1700033619.9181612,28,725.0
1700033667.3085876,29,750.0
1700033714.6740067,30,775.0
1700033762.0634365,31,800.0
1700033809.4023666,32,825.0
1700033856.8063855,33,850.0
1700033904.201944,34,875.0
1700033951.5794427,35,900.0
1700033998.9954278,36,925.0
1700034046.3622108,37,950.0
1700034093.7117956,38,975.0
1700034141.0126717,39,1000.0
1700034188.4339142,40,1025.0
1700034235.7795024,41,1050.0
1700034283.2583642,42,1075.0
1700034330.5821679,43,1100.0
1700034377.998744,44,1125.0
1700034425.344617,45,1150.0
1700034472.7887433,46,1175.0
1700034520.1576934,47,1200.0
1700034567.591766,48,1225.0
1700034614.9739678,49,1250.0
1700034662.314288,50,1275.0
1700034709.645965,51,1300.0
1700034757.0085108,52,1325.0
1700034804.3543363,53,1350.0
1700034851.6883307,54,1375.0
1700034899.0756052,55,1400.0
1700034946.356035,56,1425.0
1700034993.6387284,57,1450.0
1700035040.8757603,58,1475.0
1700035088.285479,59,1500.0
1700035135.6367562,60,1525.0
1700035182.9352975,61,1550.0
1700035230.3551457,62,1575.0
1700035277.7185137,63,1600.0
1700035325.1048713,64,1625.0
1700035372.4013338,65,1650.0
1700035419.8722322,66,1675.0
1700035467.1954052,67,1700.0
1700035514.6252034,68,1725.0
