Wall time,Step,Value
1700032293.4763877,0,0.0
1700032340.8382447,1,0.0
1700032388.2406294,2,0.0
1700032435.6707273,3,0.0
1700032482.98691,4,0.0
1700032530.3952382,5,0.0
1700032577.7557285,6,0.0
1700032625.1152062,7,0.0
1700032672.5378442,8,0.0
1700032719.8716128,9,0.0
1700032767.229684,10,0.0
1700032814.6339068,11,0.0
1700032862.0072465,12,0.0
1700032909.269718,13,0.0
1700032956.6897814,14,0.0
1700033004.0525205,15,0.0
1700033051.401989,16,0.0
1700033098.6746898,17,0.0
1700033146.0598845,18,0.0
1700033193.5311394,19,0.0
1700033240.9395294,20,0.0
1700033288.3103404,21,0.0
1700033335.7331262,22,0.0
1700033383.1069317,23,0.0
1700033430.4343584,24,0.0
1700033477.829148,25,0.0
1700033525.1226068,26,0.0
1700033572.5269704,27,0.0
1700033619.9204104,28,0.0
1700033667.3091607,29,0.0
1700033714.6744418,30,0.0
1700033762.06378,31,0.0
1700033809.4027197,32,0.0
1700033856.8070505,33,0.0
1700033904.20385,34,0.0
1700033951.579797,35,0.0
1700033998.997314,36,0.0
1700034046.3625693,37,0.0
1700034093.712151,38,0.0
1700034141.0146897,39,0.0
1700034188.435807,40,0.0
1700034235.7802877,41,0.0
1700034283.2587461,42,0.0
1700034330.582748,43,0.0
1700034377.9990942,44,0.0
1700034425.348672,45,0.0
1700034472.7906194,46,0.0
1700034520.1580431,47,0.0
1700034567.5923176,48,0.0
1700034614.975834,49,0.0
1700034662.3146331,50,0.0
1700034709.6463022,51,0.0
1700034757.0088573,52,0.0
1700034804.3572586,53,0.0
1700034851.6886861,54,0.0
1700034899.0760136,55,0.0
1700034946.3563874,56,0.0
1700034993.639087,57,0.0
1700035040.8775568,58,0.0
1700035088.2873106,59,0.0
1700035135.6371055,60,0.0
1700035182.9356267,61,0.0
1700035230.35694,62,0.0
1700035277.7188647,63,0.0
1700035325.1053205,64,0.0
1700035372.4034047,65,0.0
1700035419.8725522,66,0.0
1700035467.1957908,67,0.0
1700035514.6270494,68,0.0
