Wall time,Step,Value
1700032293.4572136,0,0.0
1700032340.836157,1,0.0
1700032388.2395544,2,0.0
1700032435.6632752,3,0.0
1700032482.9851465,4,0.0
1700032530.3942084,5,0.0
1700032577.7545767,6,0.0
1700032625.114162,7,0.0
1700032672.5367756,8,0.0
1700032719.8704822,9,0.0
1700032767.2286904,10,0.0
1700032814.627682,11,0.0
1700032862.005453,12,0.0
1700032909.2671607,13,0.0
1700032956.688754,14,0.0
1700033004.0514688,15,0.0
1700033051.4010158,16,0.0
1700033098.6730053,17,0.0
1700033146.0587983,18,0.0
1700033193.530122,19,0.0
1700033240.9322839,20,0.0
1700033288.3093567,21,0.0
1700033335.7316117,22,0.0
1700033383.0995903,23,0.0
1700033430.4333415,24,0.0
1700033477.8281095,25,0.0
1700033525.121512,26,0.0
1700033572.5258605,27,0.0
1700033619.9135902,28,0.0
1700033667.3075235,29,0.0
1700033714.673182,30,0.0
1700033762.0627837,31,0.0
1700033809.401664,32,0.0
1700033856.8050783,33,0.0
1700033904.195647,34,0.0
1700033951.5787408,35,0.0
1700033998.9905167,36,0.0
1700034046.3615775,37,0.0
1700034093.711105,38,0.0
1700034141.006935,39,0.0
1700034188.4279852,40,0.0
1700034235.777973,41,0.0
1700034283.257678,42,0.0
1700034330.581008,43,0.0
1700034377.9980364,44,0.0
1700034425.3387277,45,0.0
1700034472.7842374,46,0.0
1700034520.157001,47,0.0
1700034567.5907292,48,0.0
1700034614.9698036,49,0.0
1700034662.313612,50,0.0
1700034709.6452894,51,0.0
1700034757.0078323,52,0.0
1700034804.349842,53,0.0
1700034851.6876101,54,0.0
1700034899.074844,55,0.0
1700034946.355359,56,0.0
1700034993.6380792,57,0.0
1700035040.8716836,58,0.0
1700035088.2809687,59,0.0
1700035135.6360602,60,0.0
1700035182.9346297,61,0.0
1700035230.3528876,62,0.0
1700035277.7178562,63,0.0
1700035325.1039908,64,0.0
1700035372.396412,65,0.0
1700035419.8715858,66,0.0
1700035467.1947007,67,0.0
1700035514.6198254,68,0.0
