Wall time,Step,Value
1710108465.2153194,0,0.0
1710108581.7116168,1,8474.7744140625
1710108697.3692615,2,8497.9111328125
1710108813.1680229,3,8512.568359375
1710108930.7511368,4,8481.076171875
1710109047.4563897,5,8460.9013671875
1710109165.2531703,6,8444.619140625
1710109281.9972568,7,8396.8876953125
1710109399.2647154,8,8484.5703125
1710109514.2528913,9,8402.5263671875
1710109630.2460034,10,8422.36328125
1710109747.40743,11,8430.4150390625
1710109864.8434255,12,8441.1044921875
1710109982.2466223,13,8454.01171875
1710110098.2607982,14,8476.3974609375
1710110214.9147587,15,8477.22265625
1710110330.5356915,16,8462.6396484375
1710110446.7982728,17,8437.857421875
1710110564.0015657,18,8490.1513671875
1710110679.3812041,19,8509.111328125
1710110792.7886002,20,8438.5712890625
1710110875.5368092,21,8493.802734375
1710110957.2871687,22,8506.845703125
1710111038.9089165,23,8506.0625
1710111119.0494418,24,8510.447265625
1710111199.461313,25,8507.619140625
1710111279.2415345,26,8506.8388671875
1710111359.176127,27,8500.296875
1710111439.7441394,28,8474.435546875
1710111519.2878551,29,8510.3955078125
1710111602.8700924,30,8489.15234375
1710111684.2016382,31,8516.8212890625
