Wall time,Step,Value
1710108465.2570167,0,35.6438102722168
1710108581.7229574,1,22.464576721191406
1710108697.3784962,2,21.854135513305664
1710108813.1724792,3,21.449878692626953
1710108930.7593346,4,21.945667266845703
1710109047.4615338,5,21.60467529296875
1710109165.2625644,6,22.063459396362305
1710109282.0022738,7,22.276538848876953
1710109399.2751427,8,21.8454532623291
1710109514.2578745,9,23.154945373535156
1710109630.2508945,10,23.444040298461914
1710109747.4190211,11,21.466135025024414
1710109864.8527186,12,21.710447311401367
1710109982.2502503,13,22.24057960510254
1710110098.2745461,14,21.52199935913086
1710110214.9205828,15,22.096033096313477
1710110330.5424798,16,22.303340911865234
1710110446.8035898,17,23.11886978149414
1710110564.0078216,18,21.90321922302246
1710110679.3980825,19,21.308349609375
1710110792.7976594,20,23.650081634521484
1710110875.5421937,21,22.752195358276367
1710110957.289601,22,22.305404663085938
1710111038.9143987,23,22.62311363220215
1710111119.0551188,24,22.410411834716797
1710111199.4665515,25,22.376323699951172
1710111279.2458718,26,22.152976989746094
1710111359.181012,27,22.354238510131836
1710111439.746626,28,22.957382202148438
1710111519.2901514,29,22.26011085510254
1710111602.8718536,30,22.711511611938477
1710111684.206426,31,22.317413330078125
