Wall time,Step,Value
1710108465.2292843,0,15.505000114440918
1710108581.7142127,1,15.505000114440918
1710108697.3707974,2,15.505000114440918
1710108813.1707852,3,15.505000114440918
1710108930.7547517,4,15.505000114440918
1710109047.4572039,5,15.505000114440918
1710109165.2578776,6,15.505000114440918
1710109281.9989312,7,15.505000114440918
1710109399.2662246,8,15.505000114440918
1710109514.255225,9,15.505000114440918
1710109630.247986,10,15.505000114440918
1710109747.413086,11,15.505000114440918
1710109864.8463554,12,15.505000114440918
1710109982.2478898,13,15.505000114440918
1710110098.2658248,14,15.505000114440918
1710110214.915567,15,15.505000114440918
1710110330.5365155,16,15.505000114440918
1710110446.7995272,17,15.505000114440918
1710110564.0026152,18,15.505000114440918
1710110679.3842747,19,15.505000114440918
1710110792.7897387,20,15.505000114440918
1710110875.5406396,21,15.505000114440918
1710110957.2880409,22,15.505000114440918
1710111038.9099116,23,15.505000114440918
1710111119.0500915,24,15.505000114440918
1710111199.464776,25,15.505000114440918
1710111279.2430367,26,15.505000114440918
1710111359.179516,27,15.505000114440918
1710111439.7450132,28,15.505000114440918
1710111519.2883468,29,15.505000114440918
1710111602.8707142,30,15.505000114440918
1710111684.2029083,31,15.505000114440918
