Wall time,Step,Value
1710108465.2353332,0,379.7936706542969
1710108581.7153254,1,452.2176818847656
1710108697.3718534,2,521.1493530273438
1710108813.1711197,3,589.4903564453125
1710108930.7576866,4,659.1583251953125
1710109047.4586582,5,728.5763549804688
1710109165.2586887,6,798.8993530273438
1710109282.0010426,7,867.6229858398438
1710109399.269079,8,938.6829833984375
1710109514.2564616,9,1007.0993041992188
1710109630.2482789,10,1076.7923583984375
1710109747.413798,11,1144.872314453125
1710109864.8474417,12,1214.662353515625
1710109982.24808,13,1284.82568359375
1710110098.26659,14,1353.974609375
1710110214.9193325,15,1423.043701171875
1710110330.5408578,16,1492.5596923828125
1710110446.7998323,17,1563.065673828125
1710110564.0032046,18,1632.309326171875
1710110679.3846989,19,1701.4437255859375
1710110792.7899318,20,1773.684326171875
1710110875.5409,21,1825.88671875
1710110957.288382,22,1877.763671875
1710111038.913256,23,1928.8846435546875
1710111119.0522149,24,1979.1739501953125
1710111199.4651022,25,2029.873046875
1710111279.2434435,26,2080.375244140625
1710111359.1797094,27,2131.558349609375
1710111439.7453055,28,2182.806396484375
1710111519.2887247,29,2233.655029296875
1710111602.8709059,30,2286.052001953125
1710111684.2048187,31,2337.870361328125
