Wall time,Step,Value
1712360090.07727,0,7797.13330078125
1712360214.3814743,1,7883.2666015625
1712360337.6577022,2,7933.466796875
1712360460.9232545,3,7983.533203125
1712360583.0181844,4,8032.60009765625
1712360700.2085438,5,8079.466796875
1712360810.6960695,6,8123.533203125
1712360931.8402903,7,8172.13330078125
1712361043.7137718,8,8216.599609375
1712361160.5350325,9,8263.533203125
1712361266.8213737,10,8305.8662109375
1712361379.6419406,11,8351.0
1712361494.1364055,12,8396.7333984375
1712361606.7485952,13,8441.7333984375
1712361714.2726142,14,8484.7333984375
1712361832.547329,15,8531.93359375
1712361952.9315848,16,8580.1337890625
1712362064.1143894,17,8624.6669921875
1712362176.2272055,18,8669.466796875
1712362284.7271564,19,8712.7998046875
1712362394.9678466,20,8756.7998046875
1712362507.224753,21,8801.8662109375
1712362616.584225,22,8845.3330078125
1712362726.9528992,23,8889.599609375
1712362835.2826128,24,8932.8662109375
1712362947.4975152,25,8977.6669921875
1712363046.8946989,26,9017.466796875
1712363150.6357954,27,9059.0
1712363264.5462043,28,9104.466796875
