Wall time,Step,Value
1710108465.2222104,0,35.295955657958984
1710108581.7120125,1,37.96426773071289
1710108697.3699274,2,37.4312744140625
1710108813.1704822,3,37.418365478515625
1710108930.751883,4,36.124183654785156
1710109047.4570022,5,34.25132369995117
1710109165.254481,6,34.654563903808594
1710109281.9987636,7,32.97571563720703
1710109399.2653606,8,36.995601654052734
1710109514.2545505,9,34.91256332397461
1710109630.246316,10,37.92387008666992
1710109747.409739,11,33.501556396484375
1710109864.8458283,12,34.01605987548828
1710109982.2476265,13,36.20460891723633
1710110098.2612088,14,35.17301940917969
1710110214.9151297,15,37.15943145751953
1710110330.5360808,16,36.49528884887695
1710110446.7988436,17,37.0953254699707
1710110564.0021846,18,37.38414764404297
1710110679.381478,19,36.471649169921875
1710110792.7894893,20,38.855831146240234
1710110875.5383098,21,39.85131072998047
1710110957.2877376,22,39.12797164916992
1710111038.9095078,23,39.96063995361328
1710111119.049919,24,39.67079162597656
1710111199.4630315,25,39.502994537353516
1710111279.2428682,26,38.56589126586914
1710111359.178974,27,39.20698928833008
1710111439.7446392,28,39.10344314575195
1710111519.2880645,29,39.35934829711914
1710111602.8703537,30,39.06568145751953
1710111684.2022705,31,40.04066467285156
