Wall time,Step,Value
1700012182.036454,0,324.3004455566406
1700012246.3284862,1,355.7711181640625
1700012310.110782,2,386.9137878417969
1700012372.685391,3,417.1960144042969
1700012436.4497778,4,448.1977844238281
1700012498.8561625,5,478.4373474121094
1700012562.4435792,6,509.2764587402344
1700012626.3956215,7,540.468017578125
1700012688.2046978,8,570.2728881835938
1700012751.674623,9,600.7680053710938
1700012813.9798915,10,631.1710815429688
1700012877.2912083,11,661.4773559570312
1700012940.1237566,12,691.7373046875
1700013002.9860928,13,722.5057983398438
1700013066.833007,14,753.6337890625
1700013128.5021143,15,783.91064453125
1700013192.024359,16,815.0706787109375
1700013253.5786436,17,845.363525390625
1700013317.1565652,18,876.5071411132812
1700013379.7026763,19,906.7693481445312
1700013443.2276037,20,937.7853393554688
1700013506.8515446,21,968.4649047851562
1700013568.4509134,22,998.7617797851562
1700013631.9379888,23,1029.561767578125
1700013693.757269,24,1060.096435546875
1700013757.430156,25,1090.9368896484375
1700013819.1144476,26,1120.7457275390625
1700013882.8766334,27,1152.12890625
1700013944.693709,28,1182.11328125
1700014008.3418176,29,1213.0760498046875
1700014071.7411354,30,1243.8564453125
1700014133.9523373,31,1273.804443359375
1700014197.2440703,32,1304.49951171875
1700014259.1953764,33,1335.1973876953125
1700014322.816594,34,1365.89599609375
1700014384.4375534,35,1395.6893310546875
1700014448.1811368,36,1426.64306640625
1700014509.8140013,37,1456.704833984375
1700014573.6258986,38,1487.2489013671875
1700014635.812469,39,1517.566650390625
1700014699.624713,40,1548.4306640625
1700014762.9694853,41,1579.086669921875
1700014825.0307796,42,1609.502197265625
1700014888.6195025,43,1640.57421875
1700014950.1138542,44,1670.453369140625
1700015013.6941783,45,1701.447509765625
1700015075.3747008,46,1731.478271484375
1700015138.8882573,47,1762.53466796875
1700015200.6617942,48,1792.4755859375
1700015264.2576644,49,1823.4755859375
1700015326.1699257,50,1853.3773193359375
1700015389.9082713,51,1884.4244384765625
