Wall time,Step,Value
1700012182.0395262,0,23.23171043395996
1700012246.3319123,1,18.785181045532227
1700012310.1125643,2,18.304838180541992
1700012372.6947598,3,18.745098114013672
1700012436.4530785,4,18.729320526123047
1700012498.8582811,5,18.893699645996094
1700012562.4492097,6,18.704574584960938
1700012626.3970742,7,18.89989471435547
1700012688.206491,8,18.27640724182129
1700012751.6762388,9,18.65026092529297
1700012813.982098,10,18.829137802124023
1700012877.2927463,11,18.193828582763672
1700012940.1263258,12,18.231136322021484
1700013002.9880576,13,18.86976432800293
1700013066.8348718,14,18.8327579498291
1700013128.5039964,15,18.906875610351562
1700013192.0261972,16,18.780851364135742
1700013253.5803525,17,19.022117614746094
1700013317.1597333,18,18.302703857421875
1700013379.7043672,19,18.782392501831055
1700013443.2297757,20,18.317764282226562
1700013506.8539717,21,18.792104721069336
1700013568.4526896,22,18.83605194091797
1700013631.9430153,23,18.784379959106445
1700013693.7606657,24,18.90435218811035
1700013757.4314642,25,18.794496536254883
1700013819.1163712,26,18.21295928955078
1700013882.8781781,27,18.854875564575195
1700013944.695506,28,18.808197021484375
1700014008.3436608,29,18.37485694885254
1700014071.7425547,30,18.79854965209961
1700014133.9547513,31,18.750627517700195
1700014197.2456136,32,18.32857322692871
1700014259.196909,33,18.327009201049805
1700014322.8183846,34,18.76681137084961
1700014384.4405518,35,18.778223037719727
1700014448.1830196,36,18.280254364013672
1700014509.8155136,37,18.831098556518555
1700014573.6276953,38,18.55556869506836
1700014635.8155646,39,18.95471954345703
1700014699.6277688,40,18.673934936523438
1700014762.9711013,41,18.69139862060547
1700014825.0348666,42,18.7799015045166
1700014888.6221046,43,18.899921417236328
1700014950.1185842,44,18.32491111755371
1700015013.7019446,45,18.907163619995117
1700015075.3765361,46,18.449295043945312
1700015138.8898983,47,18.920326232910156
1700015200.6637018,48,18.905216217041016
1700015264.2599454,49,18.30099105834961
1700015326.1717665,50,18.287656784057617
1700015389.9100654,51,18.947816848754883
