Wall time,Step,Value
1700012182.0348637,0,4990944.5
1700012246.3267434,1,4989811.0
1700012310.1100287,2,4988687.0
1700012372.6844232,3,4987589.5
1700012436.4489257,4,4986468.5
1700012498.8551705,5,4985374.0
1700012562.4425035,6,4984257.5
1700012626.3950667,7,4983131.5
1700012688.203884,8,4982050.0
1700012751.6740413,9,4980941.5
1700012813.979338,10,4979844.0
1700012877.290366,11,4978741.0
1700012940.123017,12,4977641.5
1700013002.9854841,13,4976532.5
1700013066.8322098,14,4975409.5
1700013128.5013475,15,4974319.0
1700013192.023653,16,4973197.0
1700013253.577918,17,4972107.0
1700013317.1556811,18,4970984.5
1700013379.702001,19,4969888.5
1700013443.226758,20,4968769.0
1700013506.8507333,21,4967655.5
1700013568.4503407,22,4966566.0
1700013631.9372265,23,4965452.0
1700013693.7542827,24,4964355.5
1700013757.4294846,25,4963238.0
1700013819.112816,26,4962157.5
1700013882.875608,27,4961029.5
1700013944.693082,28,4959944.5
1700014008.3411567,29,4958825.5
1700014071.740421,30,4957711.5
1700014133.9515939,31,4956623.0
1700014197.2434053,32,4955512.5
1700014259.1944308,33,4954412.5
1700014322.8155162,34,4953298.5
1700014384.4366765,35,4952217.5
1700014448.1803877,36,4951098.5
1700014509.813463,37,4950012.5
1700014573.6253402,38,4948900.5
1700014635.8118277,39,4947805.5
1700014699.623702,40,4946688.0
1700014762.9686384,41,4945576.5
1700014825.0285952,42,4944480.5
1700014888.6186867,43,4943360.5
1700014950.1083674,44,4942279.0
1700015013.6934643,45,4941160.0
1700015075.3741176,46,4940074.5
1700015138.887401,47,4938956.0
1700015200.6612449,48,4937871.5
1700015264.254972,49,4936752.5
1700015326.169135,50,4935667.5
1700015389.9075909,51,4934546.5
