Wall time,Step,Value
1700012182.0380707,0,1500.0
1700012246.3310287,1,1500.0
1700012310.1114728,2,1500.0
1700012372.6861112,3,1500.0
1700012436.4503634,4,1500.0
1700012498.8569221,5,1500.0
1700012562.4443748,6,1500.0
1700012626.3963888,7,1500.0
1700012688.205292,8,1500.0
1700012751.675191,9,1500.0
1700012813.9805317,10,1500.0
1700012877.2918663,11,1500.0
1700012940.1245089,12,1500.0
1700013002.986911,13,1500.0
1700013066.8338673,14,1500.0
1700013128.50311,15,1500.0
1700013192.024912,16,1500.0
1700013253.5794091,17,1500.0
1700013317.1575325,18,1500.0
1700013379.7032473,19,1500.0
1700013443.228848,20,1500.0
1700013506.8530488,21,1500.0
1700013568.4515042,22,1500.0
1700013631.9385614,23,1500.0
1700013693.7579792,24,1500.0
1700013757.4308436,25,1500.0
1700013819.1152782,26,1500.0
1700013882.877198,27,1500.0
1700013944.6942933,28,1500.0
1700014008.34255,29,1500.0
1700014071.7417314,30,1500.0
1700014133.9530983,31,1500.0
1700014197.2446458,32,1500.0
1700014259.1959152,33,1500.0
1700014322.8172765,34,1500.0
1700014384.4396281,35,1500.0
1700014448.1817095,36,1500.0
1700014509.8145497,37,1500.0
1700014573.626491,38,1500.0
1700014635.8131762,39,1500.0
1700014699.6253896,40,1500.0
1700014762.9700556,41,1500.0
1700014825.0314798,42,1500.0
1700014888.6201015,43,1500.0
1700014950.1148515,44,1500.0
1700015013.696745,45,1500.0
1700015075.3752763,46,1500.0
1700015138.88882,47,1500.0
1700015200.6623294,48,1500.0
1700015264.2584052,49,1500.0
1700015326.1706493,50,1500.0
1700015389.9088342,51,1500.0
