Wall time,Step,Value
1700012182.0330238,0,-74.91397094726562
1700012246.3254333,1,-1.7706304788589478
1700012310.1071339,2,-1.2418529987335205
1700012372.6835778,3,-0.8812677264213562
1700012436.448089,4,-0.7386980056762695
1700012498.8544104,5,-1.2835676670074463
1700012562.4412296,6,-0.45931240916252136
1700012626.3943017,7,-0.5413636565208435
1700012688.202992,8,-0.477317750453949
1700012751.6732268,9,-0.6093228459358215
1700012813.9786031,10,-0.4529048502445221
1700012877.2892628,11,-0.45947539806365967
1700012940.121793,12,-0.4473174214363098
1700013002.9848611,13,-0.5327642560005188
1700013066.8314166,14,-0.4015439450740814
1700013128.5006363,15,-0.3886961340904236
1700013192.0228982,16,-8.250020980834961
1700013253.5770764,17,-0.5846601724624634
1700013317.1546621,18,-0.5139052271842957
1700013379.7010574,19,-0.47419413924217224
1700013443.225819,20,-0.398901104927063
1700013506.8495665,21,-0.42736536264419556
1700013568.4495988,22,-0.38345029950141907
1700013631.9315703,23,-0.3493298888206482
1700013693.7532558,24,-0.37324264645576477
1700013757.4287705,25,-0.350567102432251
1700013819.1114535,26,-0.301140159368515
1700013882.872458,27,-0.3409081697463989
1700013944.6921728,28,-0.8067688941955566
1700014008.3402996,29,-0.2707788348197937
1700014071.7368665,30,-0.24303196370601654
1700014133.9508362,31,-0.19515854120254517
1700014197.2422235,32,-0.20610761642456055
1700014259.1937425,33,-0.20549313724040985
1700014322.814736,34,-0.20861349999904633
1700014384.4357831,35,-0.16013483703136444
1700014448.1797554,36,-0.1851285845041275
1700014509.8124833,37,-0.1600034087896347
1700014573.624491,38,-0.16260051727294922
1700014635.8098068,39,-0.13850122690200806
1700014699.622954,40,-0.10916732251644135
1700014762.964628,41,-0.13590295612812042
1700014825.0256236,42,-0.11746257543563843
1700014888.6180625,43,-0.101875901222229
1700014950.1075554,44,-0.1066044345498085
1700015013.6917422,45,-0.06477923691272736
1700015075.3731766,46,-0.0691269114613533
1700015138.8866463,47,-0.17875120043754578
1700015200.660632,48,-0.06365565955638885
1700015264.253271,49,-0.05651159584522247
1700015326.168322,50,-0.038839731365442276
1700015389.9068766,51,-0.04156626760959625
