Wall time,Step,Value
1700012182.0352619,0,0.07333333045244217
1700012246.3269293,1,0.07333333045244217
1700012310.1102262,2,0.07333333045244217
1700012372.684611,3,0.07333333045244217
1700012436.4491115,4,0.07333333045244217
1700012498.8553607,5,0.07333333045244217
1700012562.4427822,6,0.07333333045244217
1700012626.395252,7,0.07333333045244217
1700012688.2042964,8,0.07333333045244217
1700012751.6742501,9,0.07333333045244217
1700012813.979525,10,0.07333333045244217
1700012877.2906013,11,0.07333333045244217
1700012940.1232593,12,0.07333333045244217
1700013002.9856598,13,0.07333333045244217
1700013066.8324306,14,0.07333333045244217
1700013128.5017004,15,0.07333333045244217
1700013192.0238893,16,0.07333333045244217
1700013253.5781639,17,0.07333333045244217
1700013317.1559856,18,0.07333333045244217
1700013379.7022998,19,0.07333333045244217
1700013443.2269862,20,0.07333333045244217
1700013506.851008,21,0.07333333045244217
1700013568.450537,22,0.07333333045244217
1700013631.9375117,23,0.07333333045244217
1700013693.7551582,24,0.07333333045244217
1700013757.4296587,25,0.07333333045244217
1700013819.1134164,26,0.07333333045244217
1700013882.8762279,27,0.07333333045244217
1700013944.6933274,28,0.07333333045244217
1700014008.341452,29,0.07333333045244217
1700014071.740618,30,0.07333333045244217
1700014133.9518065,31,0.07333333045244217
1700014197.2436855,32,0.07333333045244217
1700014259.1947124,33,0.07333333045244217
1700014322.8158062,34,0.07333333045244217
1700014384.4369693,35,0.07333333045244217
1700014448.180561,36,0.07333333045244217
1700014509.8136425,37,0.07333333045244217
1700014573.6255252,38,0.07333333045244217
1700014635.812055,39,0.07333333045244217
1700014699.6238897,40,0.07333333045244217
1700014762.9689388,41,0.07333333045244217
1700014825.0288043,42,0.07333333045244217
1700014888.6188679,43,0.07333333045244217
1700014950.1129525,44,0.07333333045244217
1700015013.6937354,45,0.07333333045244217
1700015075.3743088,46,0.07333333045244217
1700015138.8878183,47,0.07333333045244217
1700015200.6614199,48,0.07333333045244217
1700015264.2554243,49,0.07333333045244217
1700015326.1694329,50,0.07333333045244217
1700015389.9077687,51,0.07333333045244217
