Wall time,Step,Value
1700012182.0402427,0,669.981689453125
1700012246.3325944,1,270.2918701171875
1700012310.1130507,2,263.3177795410156
1700012372.7020051,3,266.1154479980469
1700012436.4537463,4,266.70941162109375
1700012498.858977,5,273.08148193359375
1700012562.4498641,6,263.54351806640625
1700012626.3979683,7,280.63140869140625
1700012688.209248,8,256.99737548828125
1700012751.6766486,9,260.98876953125
1700012813.982747,10,270.06182861328125
1700012877.2933612,11,248.58177185058594
1700012940.128517,12,251.5650177001953
1700013002.9887786,13,273.808837890625
1700013066.8352847,14,275.26483154296875
1700013128.5044255,15,275.65875244140625
1700013192.0267544,16,276.43670654296875
1700013253.5808866,17,277.7336730957031
1700013317.1608138,18,256.07635498046875
1700013379.7065237,19,269.3036193847656
1700013443.230221,20,256.1455078125
1700013506.8545284,21,270.1844177246094
1700013568.4534523,22,271.90765380859375
1700013631.9439328,23,267.0265197753906
1700013693.76272,24,272.5955505371094
1700013757.4350781,25,270.8145446777344
1700013819.1168249,26,246.0643768310547
1700013882.8788307,27,274.21563720703125
1700013944.6963377,28,269.3695373535156
1700014008.344179,29,255.60061645507812
1700014071.742949,30,272.60736083984375
1700014133.9553125,31,266.9552001953125
1700014197.2465138,32,253.46237182617188
1700014259.1974204,33,264.28472900390625
1700014322.8188741,34,268.8188781738281
1700014384.4428954,35,269.83453369140625
1700014448.1835058,36,253.41734313964844
1700014509.816161,37,272.72613525390625
1700014573.6285508,38,248.2460479736328
1700014635.8172708,39,273.0698547363281
1700014699.6282294,40,264.0151672363281
1700014762.9717298,41,260.5343017578125
1700014825.035352,42,265.9449462890625
1700014888.6239245,43,276.3150634765625
1700014950.1228995,44,254.7340087890625
1700015013.7054486,45,276.23333740234375
1700015075.3775427,46,259.9554138183594
1700015138.8904834,47,279.9902038574219
1700015200.6643076,48,273.6961669921875
1700015264.262513,49,259.9961853027344
1700015326.1721892,50,258.0268249511719
1700015389.9107077,51,281.852783203125
