Wall time,Step,Value
1700012182.0359485,0,410.4248962402344
1700012246.3271158,1,447.4119873046875
1700012310.1105254,2,484.0324401855469
1700012372.6847968,3,519.5537719726562
1700012436.449299,4,555.9111328125
1700012498.8559,5,591.3826904296875
1700012562.4433177,6,627.5440063476562
1700012626.395435,7,664.210205078125
1700012688.2045057,8,699.0968627929688
1700012751.6744373,9,734.8319702148438
1700012813.9797084,10,770.4719848632812
1700012877.2909417,11,806.0
1700012940.1235492,12,841.443115234375
1700013002.9858358,13,877.51953125
1700013066.8326976,14,914.0635375976562
1700013128.5019238,15,949.5506591796875
1700013192.0240722,16,986.1057739257812
1700013253.5784519,17,1021.59423828125
1700013317.1562774,18,1058.1400146484375
1700013379.7024899,19,1093.651611328125
1700013443.2271945,20,1130.064453125
1700013506.8512769,21,1166.0501708984375
1700013568.450724,22,1201.526611328125
1700013631.9377007,23,1237.67333984375
1700013693.755343,24,1273.50439453125
1700013757.4298313,25,1309.6982421875
1700013819.114151,26,1344.59912109375
1700013882.876443,27,1381.51025390625
1700013944.6935203,28,1416.670654296875
1700014008.3416412,29,1453.0213623046875
1700014071.7408044,30,1489.131591796875
1700014133.9520397,31,1524.1666259765625
1700014197.2438781,32,1560.1942138671875
1700014259.1951513,33,1596.1888427734375
1700014322.815996,34,1632.244384765625
1700014384.4373004,35,1667.1600341796875
1700014448.1807356,36,1703.497314453125
1700014509.813821,37,1738.7337646484375
1700014573.6257122,38,1774.5
1700014635.812245,39,1810.0462646484375
1700014699.624087,40,1846.25732421875
1700014762.9692907,41,1882.215087890625
1700014825.0300992,42,1917.903564453125
1700014888.619051,43,1954.3626708984375
1700014950.1136234,44,1989.303955078125
1700015013.6939623,45,2025.66796875
1700015075.3745167,46,2060.818603515625
1700015138.888067,47,2097.24658203125
1700015200.6615927,48,2132.314697265625
1700015264.2556078,49,2168.710693359375
1700015326.1697347,50,2203.734619140625
1700015389.9079523,51,2240.181884765625
