Wall time,Step,Value
1700012182.0344217,0,46.3984260559082
1700012246.3265438,1,46.52783966064453
1700012310.1096935,2,47.158512115478516
1700012372.6842213,3,45.464969635009766
1700012436.4487348,4,46.85905456542969
1700012498.8549795,5,46.08119583129883
1700012562.441935,6,45.73847579956055
1700012626.394843,7,47.22608947753906
1700012688.2036898,8,47.2048454284668
1700012751.6736925,9,45.597293853759766
1700012813.9791496,10,44.72297668457031
1700012877.2899826,11,47.620853424072266
1700012940.1225646,12,47.61951446533203
1700013002.9853072,13,47.00967788696289
1700013066.8319578,14,45.71841812133789
1700013128.5011013,15,46.61539077758789
1700013192.023472,16,47.10546112060547
1700013253.5777202,17,47.18996047973633
1700013317.1553915,18,48.155635833740234
1700013379.7018251,19,45.648372650146484
1700013443.2263246,20,46.63822555541992
1700013506.850439,21,46.579925537109375
1700013568.4501321,22,45.743194580078125
1700013631.9369671,23,46.29431915283203
1700013693.754095,24,47.5540657043457
1700013757.429248,25,46.4525032043457
1700013819.1124501,26,46.9508056640625
1700013882.8754108,27,48.74446487426758
1700013944.6927586,28,46.30312728881836
1700014008.3408983,29,46.22865295410156
1700014071.7398314,30,46.911190032958984
1700014133.951375,31,46.51799774169922
1700014197.2428594,32,45.61736297607422
1700014259.194189,33,46.26577377319336
1700014322.8153207,34,46.52085876464844
1700014384.436432,35,47.37970733642578
1700014448.1802127,36,46.32444763183594
1700014509.8132718,37,47.82903289794922
1700014573.6250572,38,46.53702163696289
1700014635.8114913,39,46.226036071777344
1700014699.6235032,40,46.59748458862305
1700014762.968374,41,46.307125091552734
1700014825.0281482,42,47.25403594970703
1700014888.6185124,43,45.84532165527344
1700014950.1081758,44,46.0039176940918
1700015013.6931887,45,46.22597122192383
1700015075.3737605,46,45.911102294921875
1700015138.88717,47,45.87607955932617
1700015200.6610692,48,47.65860366821289
1700015264.254049,49,47.46454620361328
1700015326.1688666,50,45.9195671081543
1700015389.9074125,51,46.770057678222656
