Wall time,Step,Value
1700012182.0384743,0,0.0
1700012246.3313758,1,0.0
1700012310.1118827,2,0.0
1700012372.6898465,3,0.0
1700012436.4505699,4,0.0
1700012498.8574686,5,0.0
1700012562.4461808,6,0.0
1700012626.3966544,7,0.0
1700012688.2055054,8,0.0
1700012751.6755369,9,0.0
1700012813.980747,10,0.0
1700012877.2922318,11,0.0
1700012940.1255815,12,0.0
1700013002.9873862,13,0.0
1700013066.834277,14,0.0
1700013128.5033216,15,0.0
1700013192.025618,16,0.0
1700013253.579864,17,0.0
1700013317.158351,18,0.0
1700013379.7034557,19,0.0
1700013443.229097,20,0.0
1700013506.8533666,21,0.0
1700013568.4517152,22,0.0
1700013631.938772,23,0.0
1700013693.7596486,24,0.0
1700013757.4310458,25,0.0
1700013819.1157541,26,0.0
1700013882.87741,27,0.0
1700013944.6946678,28,0.0
1700014008.3428068,29,0.0
1700014071.742101,30,0.0
1700014133.953818,31,0.0
1700014197.2449553,32,0.0
1700014259.1962717,33,0.0
1700014322.8176885,34,0.0
1700014384.4399385,35,0.0
1700014448.1824515,36,0.0
1700014509.814749,37,0.0
1700014573.6267018,38,0.0
1700014635.8133981,39,0.0
1700014699.6271362,40,0.0
1700014762.9702618,41,0.0
1700014825.034343,42,0.0
1700014888.620806,43,0.0
1700014950.1157432,44,0.0
1700015013.6980906,45,0.0
1700015075.375508,46,0.0
1700015138.889257,47,0.0
1700015200.6626568,48,0.0
1700015264.2587192,49,0.0
1700015326.1712096,50,0.0
1700015389.909399,51,0.0
